plate_id,batch,temperature,day,isolate,biorep,media,time,average_wrangled_conc,log_average_wrangled_conc,death_phase
B2_6_0_S12-0116_2_BHIrif_-1_24_1,B2,6,0,S12-0116,2,BHIrif,24,1000,3,no
B2_6_0_S12-0132_2_BHIrif_-1_24_2,B2,6,0,S12-0132,2,BHIrif,24,4400,3.64345267648619,no
B2_6_0_S12-0116_2_BHI_-1_24_1,B2,6,0,S12-0116,2,BHI,24,11000,4.04139268515823,no
B2_6_0_S12-0141_2_BHIrif_-1_24_2,B2,6,0,S12-0141,2,BHIrif,24,2300,3.36172783601759,no
B2_6_0_S12-0132_2_BHI_-1_24_1,B2,6,0,S12-0132,2,BHI,24,4400,3.64345267648619,no
B2_6_0_S12-0141_2_BHI_-1_24_1,B2,6,0,S12-0141,2,BHI,24,7200,3.85733249643127,no
B2_6_1_S12-0116_2_BHIrif_-1_24_1,B2,6,1,S12-0116,2,BHIrif,24,1000,3,no
B2_6_1_S12-0116_2_BHI_-1_24_1,B2,6,1,S12-0116,2,BHI,24,13600,4.13353890837022,no
B2_6_1_S12-0132_2_BHIrif_-1_24_1,B2,6,1,S12-0132,2,BHIrif,24,9500,3.97772360528885,no
B2_6_1_S12-0132_2_BHI_-1_24_1,B2,6,1,S12-0132,2,BHI,24,48600,4.68663626926229,no
B2_6_1_S12-0141_2_BHIrif_-1_24_1,B2,6,1,S12-0141,2,BHIrif,24,440,2.64345267648619,no
B2_6_1_S12-0141_2_BHI_-1_24_1,B2,6,1,S12-0141,2,BHI,24,90766.20313,4.95792416871435,no
B2_6_2_S12-0141_2_BHI_-1_24_1,B2,6,2,S12-0141,2,BHI,24,129666.0078,5.11282613984858,no
B2_6_2_S12-0141_2_BHIrif_-1_24_2,B2,6,2,S12-0141,2,BHIrif,24,1600,3.20411998265592,no
B2_6_2_S12-0132_2_BHI_-1_24_1,B2,6,2,S12-0132,2,BHI,24,93811.39063,4.97225557385258,no
B2_6_2_S12-0132_2_BHIrif_-1_24_2,B2,6,2,S12-0132,2,BHIrif,24,6300,3.79934054945358,no
B2_6_2_S12-0116_2_BHI_-1_24_1,B2,6,2,S12-0116,2,BHI,24,161175.5,5.20729902615725,no
B2_6_2_S12-0116_2_BHIrif_-1_24_2,B2,6,2,S12-0116,2,BHIrif,24,440,2.64345267648619,no
B2_6_3_S12-0116_2_BHIrif_-1_24_1,B2,6,3,S12-0116,2,BHIrif,24,600,2.77815125038364,no
B2_6_3_S12-0116_2_BHI_-3_24_1,B2,6,3,S12-0116,2,BHI,24,9200,3.96378782734556,no
B2_6_3_S12-0132_2_BHIrif_-1_24_2,B2,6,3,S12-0132,2,BHIrif,24,29260,4.46627432178929,no
B2_6_3_S12-0132_2_BHI_-3_24_1,B2,6,3,S12-0132,2,BHI,24,1074000,6.03100428136354,no
B2_6_3_S12-0141_2_BHIrif_-1_24_1,B2,6,3,S12-0141,2,BHIrif,24,12320,4.09061070782841,no
B2_6_3_S12-0141_2_BHI_-1_24_1,B2,6,3,S12-0141,2,BHI,24,592701.875,5.77283630112271,no
B2_6_4_S12-0116_2_BHIrif_-1_24_1,B2,6,4,S12-0116,2,BHIrif,24,2970,3.47275644931721,no
B2_6_4_S12-0132_2_BHI_-3_24_1,B2,6,4,S12-0132,2,BHI,24,35807920,7.55397909457353,no
B2_6_4_S12-0132_2_BHIrif_-1_24_2,B2,6,4,S12-0132,2,BHIrif,24,710937.5,5.85183142267323,no
B2_6_4_S12-0116_2_BHI_-3_24_1,B2,6,4,S12-0116,2,BHI,24,52275464,7.71829789632941,no
B2_6_4_S12-0141_2_BHIrif_-1_24_1,B2,6,4,S12-0141,2,BHIrif,24,22110,4.34458874257871,no
B2_6_4_S12-0141_2_BHI_-3_24_1,B2,6,4,S12-0141,2,BHI,24,1444300,6.1596574112477,no
B2_6_6_S12-0116_2_BHIrif_-1_24_1,B2,6,6,S12-0116,2,BHIrif,24,2455.356079,3.39011448298893,no
B2_6_6_S12-0116_2_BHI_-2_24_1,B2,6,6,S12-0116,2,BHI,24,1210216.125,6.08286293520347,no
B2_6_6_S12-0132_2_BHIrif_-1_24_1,B2,6,6,S12-0132,2,BHIrif,24,178932.125,5.25268831964915,no
B2_6_6_S12-0132_2_BHI_-4_24_1,B2,6,6,S12-0132,2,BHI,24,61358540,7.78787501721395,no
B2_6_6_S12-0141_2_BHIrif_-1_24_1,B2,6,6,S12-0141,2,BHIrif,24,15400,4.18752072083646,no
B2_6_6_S12-0141_2_BHI_-4_24_1,B2,6,6,S12-0141,2,BHI,24,33213180,7.52131045916766,no
B2_6_9_S12-0116_2_BHIrif_-1_24_1,B2,6,9,S12-0116,2,BHIrif,24,58941.83203,4.77042363046461,no
B2_6_9_S12-0116_2_BHI_-4_24_1,B2,6,9,S12-0116,2,BHI,24,788348480,8.89671823460435,no
B2_6_9_S12-0132_2_BHIrif_-3_24_1,B2,6,9,S12-0132,2,BHIrif,24,10097716,7.0042231519242,no
B2_6_9_S12-0132_2_BHI_-4_24_1,B2,6,9,S12-0132,2,BHI,24,109677208,8.04011638629616,no
B2_6_9_S12-0141_2_BHIrif_-1_24_1,B2,6,9,S12-0141,2,BHIrif,24,276594.95315,5.44184425155383,no
B2_6_9_S12-0141_2_BHI_-2_24_1,B2,6,9,S12-0141,2,BHI,24,5720186,6.75741015072664,no
B2_6_12_S12-0116_2_BHIrif_-2_24_1,B2,6,12,S12-0116,2,BHIrif,24,106200,5.02612451674545,no
B2_6_12_S12-0132_2_BHIrif_-4_24_1,B2,6,12,S12-0132,2,BHIrif,24,27814770,7.44427547311582,no
B2_6_12_S12-0116_2_BHI_-5_24_1,B2,6,12,S12-0116,2,BHI,24,1248216832,9.09629003467447,no
B2_6_12_S12-0141_2_BHIrif_-4_24_2,B2,6,12,S12-0141,2,BHIrif,24,17382150,7.24010349336621,no
B2_6_12_S12-0132_2_BHI_-5_24_1,B2,6,12,S12-0132,2,BHI,24,225922032,8.35395858554389,no
B2_6_12_S12-0141_2_BHI_-5_24_1,B2,6,12,S12-0141,2,BHI,24,260224000,8.41534734828591,no
B2_6_15_S12-0116_2_BHI_-6_24_1,B2,6,15,S12-0116,2,BHI,24,1393934080,9.14424223619444,no
B2_6_15_S12-0116_2_BHIrif_-3_24_1,B2,6,15,S12-0116,2,BHIrif,24,3757050,6.57484697482905,no
B2_6_15_S12-0132_2_BHIrif_-5_24_1,B2,6,15,S12-0132,2,BHIrif,24,115881000,8.06401223431053,no
B2_6_15_S12-0132_2_BHI_-6_24_1,B2,6,15,S12-0132,2,BHI,24,5346673664,9.72808367760154,no
B2_6_15_S12-0141_2_BHIrif_-5_24_1,B2,6,15,S12-0141,2,BHIrif,24,60388640,7.78095524906276,no
B2_6_15_S12-0141_2_BHI_-6_24_1,B2,6,15,S12-0141,2,BHI,24,2136830720,9.32977011866297,no
B2_6_18_S12-0116_2_BHIrif_-3_24_1,B2,6,18,S12-0116,2,BHIrif,24,5992281.5,6.77759220706542,no
B2_6_18_S12-0116_2_BHI_-6_24_1,B2,6,18,S12-0116,2,BHI,24,8073174016,9.90704431373377,no
B2_6_18_S12-0132_2_BHI_-6_24_1,B2,6,18,S12-0132,2,BHI,24,1440072960,9.15838449579158,no
B2_6_18_S12-0132_2_BHIrif_-4_24_2,B2,6,18,S12-0132,2,BHIrif,24,57438582,7.75920370983493,no
B2_6_18_S12-0141_2_BHIrif_-5_24_1,B2,6,18,S12-0141,2,BHIrif,24,80836560,7.9076078238338,no
B2_6_18_S12-0141_2_BHI_-6_24_1,B2,6,18,S12-0141,2,BHI,24,2088272128,9.31978709202564,no
B2_6_21_S12-0116_2_BHIrif_-3_24_1,B2,6,21,S12-0116,2,BHIrif,24,4067460,6.60932329071407,no
B2_6_21_S12-0116_2_BHI_-6_24_1,B2,6,21,S12-0116,2,BHI,24,8247420928,9.9163181604468,no
B2_6_21_S12-0132_2_BHIrif_-5_24_1,B2,6,21,S12-0132,2,BHIrif,24,99497580,7.99781251787711,no
B2_6_21_S12-0132_2_BHI_-6_24_1,B2,6,21,S12-0132,2,BHI,24,5514246656,9.74148618849153,no
B2_6_21_S12-0141_2_BHIrif_-5_24_1,B2,6,21,S12-0141,2,BHIrif,24,152340576,8.18281559332871,no
B2_6_21_S12-0141_2_BHI_-6_24_1,B2,6,21,S12-0141,2,BHI,24,1136865920,9.05570924776796,no
B2_6_24_S12-0116_2_BHIrif_-3_24_1,B2,6,24,S12-0116,2,BHIrif,24,365970,5.56344548602705,yes
B2_6_24_S12-0116_2_BHI_-6_24_1,B2,6,24,S12-0116,2,BHI,24,6656559104,9.82324979248704,no
B2_6_24_S12-0132_2_BHIrif_-3_24_2,B2,6,24,S12-0132,2,BHIrif,24,13038015.5,7.11521149300732,yes
B2_6_24_S12-0132_2_BHI_-6_24_1,B2,6,24,S12-0132,2,BHI,24,2445357568,9.3883423720303,no
B2_6_24_S12-0141_2_BHIrif_-5_24_1,B2,6,24,S12-0141,2,BHIrif,24,37562400,7.57475333315364,yes
B2_6_24_S12-0141_2_BHI_-6_24_1,B2,6,24,S12-0141,2,BHI,24,1794641152,9.25397762211418,no
B3_6_0_S12-0116_3_BHI_-1_24_1,B3,6,0,S12-0116,3,BHI,24,116895.875,5.06779918612894,no
B3_6_0_S12-0116_3_BHIrif_-1_24_1,B3,6,0,S12-0116,3,BHIrif,24,600,2.77815125038364,no
B3_6_0_S12-0132_3_BHIrif_-1_24_1,B3,6,0,S12-0132,3,BHIrif,24,2640,3.42160392686983,no
B3_6_0_S12-0132_3_BHI_-1_24_1,B3,6,0,S12-0132,3,BHI,24,106974.4609,5.0292801065255,no
B3_6_0_S12-0141_3_BHI_-1_24_1,B3,6,0,S12-0141,3,BHI,24,106679.7656,5.02808205277395,no
B3_6_0_S12-0141_3_BHIrif_-1_24_1,B3,6,0,S12-0141,3,BHIrif,24,1440,3.15836249209525,no
B3_6_1_S12-0116_3_BHIrif_-1_24_1,B3,6,1,S12-0116,3,BHIrif,24,500,2.69897000433602,no
B3_6_1_S12-0141_3_BHIrif_-1_24_2,B3,6,1,S12-0141,3,BHIrif,24,1100,3.04139268515822,no
B3_6_1_S12-0132_3_BHI_-1_24_1,B3,6,1,S12-0132,3,BHI,24,236754.9688,5.3742991023523,no
B3_6_1_S12-0132_3_BHIrif_-1_24_2,B3,6,1,S12-0132,3,BHIrif,24,2640,3.42160392686983,no
B3_6_1_S12-0116_3_BHI_-1_24_1,B3,6,1,S12-0116,3,BHI,24,203642.3906,5.30886818666767,no
B3_6_1_S12-0141_3_BHI_-1_24_1,B3,6,1,S12-0141,3,BHI,24,298913.0313,5.47554484879076,no
B3_6_2_S12-0116_3_BHIrif_-1_24_1,B3,6,2,S12-0116,3,BHIrif,24,200,2.30102999566398,no
B3_6_2_S12-0116_3_BHI_-3_24_1,B3,6,2,S12-0116,3,BHI,24,3054000,6.4848690327204,no
B3_6_2_S12-0132_3_BHIrif_-1_24_1,B3,6,2,S12-0132,3,BHIrif,24,1560,3.19312459835446,no
B3_6_2_S12-0132_3_BHI_-1_24_1,B3,6,2,S12-0132,3,BHI,24,696894.375,5.84316695911551,no
B3_6_2_S12-0141_3_BHIrif_-1_24_1,B3,6,2,S12-0141,3,BHIrif,24,500,2.69897000433602,no
B3_6_2_S12-0141_3_BHI_-3_24_1,B3,6,2,S12-0141,3,BHI,24,8366404.5,6.92253885807764,no
B3_6_3_S12-0116_3_BHIrif_-1_24_1,B3,6,3,S12-0116,3,BHIrif,24,100,2,no
B3_6_3_S12-0116_3_BHI_-3_24_1,B3,6,3,S12-0116,3,BHI,24,17132450,7.23381947302959,no
B3_6_3_S12-0132_3_BHIrif_-1_24_1,B3,6,3,S12-0132,3,BHIrif,24,5830,3.76566855475901,no
B3_6_3_S12-0132_3_BHI_-3_24_1,B3,6,3,S12-0132,3,BHI,24,9331090,6.96993237829478,no
B3_6_3_S12-0141_3_BHIrif_-1_24_1,B3,6,3,S12-0141,3,BHIrif,24,1980,3.29666519026153,no
B3_6_3_S12-0141_3_BHI_-3_24_1,B3,6,3,S12-0141,3,BHI,24,224600,5.35140975192544,no
B3_6_4_S12-0116_3_BHIrif_-1_24_1,B3,6,4,S12-0116,3,BHIrif,24,550,2.74036268949424,no
B3_6_4_S12-0116_3_BHI_-3_24_1,B3,6,4,S12-0116,3,BHI,24,111333208,8.04662472318526,no
B3_6_4_S12-0132_3_BHIrif_-1_24_1,B3,6,4,S12-0132,3,BHIrif,24,109405.69534,5.03903993068437,no
B3_6_4_S12-0132_3_BHI_-3_24_1,B3,6,4,S12-0132,3,BHI,24,89321880,7.95095785529767,no
B3_6_4_S12-0141_3_BHIrif_-1_24_1,B3,6,4,S12-0141,3,BHIrif,24,3190,3.50379068305718,no
B3_6_4_S12-0141_3_BHI_-3_24_1,B3,6,4,S12-0141,3,BHI,24,82101568,7.91435145148296,no
B3_6_6_S12-0116_3_BHIrif_-1_24_1,B3,6,6,S12-0116,3,BHIrif,24,440,2.64345267648619,no
B3_6_6_S12-0116_3_BHI_-4_24_1,B3,6,6,S12-0116,3,BHI,24,509318944,8.70698982995913,no
B3_6_6_S12-0141_3_BHI_-4_24_1,B3,6,6,S12-0141,3,BHI,24,1000968768,9.000420526933,no
B3_6_6_S12-0141_3_BHIrif_-1_24_2,B3,6,6,S12-0141,3,BHIrif,24,9460,3.97589113640179,no
B3_6_6_S12-0132_3_BHI_-2_24_1,B3,6,6,S12-0132,3,BHI,24,5450310.5,6.73642124440425,no
B3_6_6_S12-0132_3_BHIrif_-1_24_2,B3,6,6,S12-0132,3,BHIrif,24,66460.396485,4.82256292783547,no
B3_6_9_S12-0116_3_BHIrif_-1_24_1,B3,6,9,S12-0116,3,BHIrif,24,13750,4.13830269816628,no
B3_6_9_S12-0116_3_BHI_-4_24_1,B3,6,9,S12-0116,3,BHI,24,1508411008,9.17851969311585,no
B3_6_9_S12-0132_3_BHIrif_-1_24_1,B3,6,9,S12-0132,3,BHIrif,24,280132.45315,5.44736342445202,no
B3_6_9_S12-0141_3_BHIrif_-1_24_2,B3,6,9,S12-0141,3,BHIrif,24,25410,4.40500466505037,no
B3_6_9_S12-0132_3_BHI_-4_24_1,B3,6,9,S12-0132,3,BHI,24,17271000,7.2373174841748,no
B3_6_9_S12-0141_3_BHI_-4_24_1,B3,6,9,S12-0141,3,BHI,24,77364480,7.88854161080276,no
B3_6_12_S12-0116_3_BHIrif_-1_24_1,B3,6,12,S12-0116,3,BHIrif,24,29480,4.46952747918701,no
B3_6_12_S12-0141_3_BHIrif_-3_24_2,B3,6,12,S12-0141,3,BHIrif,24,33889750,7.53006836511885,no
B3_6_12_S12-0132_3_BHI_-4_24_1,B3,6,12,S12-0132,3,BHI,24,558588160,8.74709172602814,no
B3_6_12_S12-0132_3_BHIrif_-3_24_2,B3,6,12,S12-0132,3,BHIrif,24,4608880,6.66359540067903,no
B3_6_12_S12-0116_3_BHI_-4_24_1,B3,6,12,S12-0116,3,BHI,24,791876608,8.89865751411521,no
B3_6_12_S12-0141_3_BHI_-4_24_1,B3,6,12,S12-0141,3,BHI,24,922933632,8.96517047210664,no
B3_6_15_S12-0116_3_BHIrif_-2_24_1,B3,6,15,S12-0116,3,BHIrif,24,346800,5.54007908880417,no
B3_6_15_S12-0116_3_BHI_-5_24_1,B3,6,15,S12-0116,3,BHI,24,871922880,8.94047807407065,no
B3_6_15_S12-0132_3_BHIrif_-3_24_2,B3,6,15,S12-0132,3,BHIrif,24,17429801.5,7.24129244115787,no
B3_6_15_S12-0132_3_BHI_-5_24_1,B3,6,15,S12-0132,3,BHI,24,1089850496,9.03736692618335,no
B3_6_15_S12-0141_3_BHIrif_-5_24_1,B3,6,15,S12-0141,3,BHIrif,24,53448480,7.7279353589929,no
B3_6_15_S12-0141_3_BHI_-5_24_1,B3,6,15,S12-0141,3,BHI,24,4668442624,9.66917202561833,no
B3_6_18_S12-0116_3_BHIrif_-3_24_1,B3,6,18,S12-0116,3,BHIrif,24,21180,4.32592595577147,no
B3_6_18_S12-0116_3_BHI_-6_24_1,B3,6,18,S12-0116,3,BHI,24,8742336512,9.94162751943708,no
B3_6_18_S12-0132_3_BHI_-6_24_1,B3,6,18,S12-0132,3,BHI,24,7233192960,9.85933005093224,no
B3_6_18_S12-0132_3_BHIrif_-5_24_2,B3,6,18,S12-0132,3,BHIrif,24,74808320,7.87394990173009,no
B3_6_18_S12-0141_3_BHIrif_-3_24_1,B3,6,18,S12-0141,3,BHIrif,24,15320285,7.18526684445951,yes
B3_6_18_S12-0141_3_BHI_-6_24_1,B3,6,18,S12-0141,3,BHI,24,2141607680,9.3307399156012,no
B3_6_21_S12-0116_3_BHIrif_-2_24_1,B3,6,21,S12-0116,3,BHIrif,24,206280,5.31445712273468,no
B3_6_21_S12-0116_3_BHI_-6_24_1,B3,6,21,S12-0116,3,BHI,24,7416922624,9.87022374831945,no
B3_6_21_S12-0141_3_BHIrif_-5_24_1,B3,6,21,S12-0141,3,BHIrif,24,24784800,7.39418541873252,no
B3_6_21_S12-0132_3_BHI_-6_24_1,B3,6,21,S12-0132,3,BHI,24,1990732032,9.29901280454976,yes
B3_6_21_S12-0132_3_BHIrif_-5_24_2,B3,6,21,S12-0132,3,BHIrif,24,8497020,6.92926664048202,yes
B3_6_21_S12-0141_3_BHI_-6_24_1,B3,6,21,S12-0141,3,BHI,24,3073317632,9.48760744756395,no
B3_6_24_S12-0116_3_BHIrif_-2_24_1,B3,6,24,S12-0116,3,BHIrif,24,751701.71875,5.87604554325233,no
B3_6_24_S12-0141_3_BHIrif_-3_24_2,B3,6,24,S12-0141,3,BHIrif,24,27204884,7.43464687844015,no
B3_6_24_S12-0132_3_BHI_-6_24_1,B3,6,24,S12-0132,3,BHI,24,7042664448,9.84773699666244,no
B3_6_24_S12-0132_3_BHIrif_-3_24_2,B3,6,24,S12-0132,3,BHIrif,24,8924154.25,6.95056706826183,yes
B3_6_24_S12-0116_3_BHI_-6_24_1,B3,6,24,S12-0116,3,BHI,24,4193916672,9.62261979731433,no
B3_6_24_S12-0141_3_BHI_-6_24_1,B3,6,24,S12-0141,3,BHI,24,7087676416,9.85050388185395,no
B4_6_0_S12-0166_1_BHI_-1_24_1,B4,6,0,S12-0166,1,BHI,24,5720,3.75739602879302,no
B4_6_0_S12-0184_1_BHI_-1_24_1,B4,6,0,S12-0184,1,BHI,24,400,2.60205999132796,no
B4_6_0_S12-0180_1_BHI_-1_24_1,B4,6,0,S12-0180,1,BHI,24,5060,3.7041505168398,no
B4_6_0_S12-0166_1_BHIrif_-1_36_1,B4,6,0,S12-0166,1,BHIrif,36,1890,3.27646180417324,no
B4_6_0_S12-0180_1_BHIrif_-1_36_1,B4,6,0,S12-0180,1,BHIrif,36,1170,3.06818586174616,no
B4_6_0_S12-0184_1_BHIrif_-1_36_2,B4,6,0,S12-0184,1,BHIrif,36,660,2.81954393554187,no
B4_6_0_S12-0180_1_BHI_-1_36_1,B4,6,0,S12-0180,1,BHI,36,4320,3.63548374681491,no
B4_6_0_S12-0184_1_BHI_-1_36_1,B4,6,0,S12-0184,1,BHI,36,880,2.94448267215017,no
B4_6_0_S12-0166_1_BHI_-1_36_1,B4,6,0,S12-0166,1,BHI,36,5220,3.71767050300226,no
B4_6_1_S12-0166_1_BHI_-1_24_1,B4,6,1,S12-0166,1,BHI,24,6300,3.79934054945358,no
B4_6_1_S12-0180_1_BHI_-1_24_1,B4,6,1,S12-0180,1,BHI,24,1080,3.03342375548695,no
B4_6_1_S12-0184_1_BHI_-1_24_1,B4,6,1,S12-0184,1,BHI,24,2420,3.38381536598043,no
B4_6_1_S12-0166_1_BHIrif_-1_36_1,B4,6,1,S12-0166,1,BHIrif,36,5940,3.77378644498119,no
B4_6_1_S12-0180_1_BHIrif_-1_36_2,B4,6,1,S12-0180,1,BHIrif,36,0,1.65321251377534,no
B4_6_1_S12-0166_1_BHI_-1_36_1,B4,6,1,S12-0166,1,BHI,36,6300,3.79934054945358,no
B4_6_1_S12-0180_1_BHI_-1_36_1,B4,6,1,S12-0180,1,BHI,36,1620,3.20951501454263,no
B4_6_1_S12-0184_1_BHIrif_-1_36_1,B4,6,1,S12-0184,1,BHIrif,36,340.20510865,2.53174083085752,no
B4_6_1_S12-0184_1_BHI_-1_36_1,B4,6,1,S12-0184,1,BHI,36,3080,3.48855071650044,no
B4_6_2_S12-0166_1_BHI_-1_24_1,B4,6,2,S12-0166,1,BHI,24,47520,4.67687643197314,no
B4_6_2_S12-0180_1_BHI_-1_24_1,B4,6,2,S12-0180,1,BHI,24,2200,3.34242268082221,no
B4_6_2_S12-0184_1_BHI_-1_24_1,B4,6,2,S12-0184,1,BHI,24,13600,4.13353890837022,no
B4_6_2_S12-0166_1_BHIrif_-1_36_1,B4,6,2,S12-0166,1,BHIrif,36,49800,4.69722934275972,no
B4_6_2_S12-0166_1_BHI_-1_36_1,B4,6,2,S12-0166,1,BHI,36,33360,4.5232260419657,no
B4_6_2_S12-0180_1_BHIrif_-1_36_1,B4,6,2,S12-0180,1,BHIrif,36,4510,3.65417654187796,no
B4_6_2_S12-0180_1_BHI_-1_36_1,B4,6,2,S12-0180,1,BHI,36,4840,3.68484536164441,no
B4_6_2_S12-0184_1_BHIrif_-1_36_1,B4,6,2,S12-0184,1,BHIrif,36,501.4022827,2.70018630680959,no
B4_6_2_S12-0184_1_BHI_-1_36_1,B4,6,2,S12-0184,1,BHI,36,12600,4.10037054511756,no
B4_6_3_S12-0166_1_BHI_-3_24_1,B4,6,3,S12-0166,1,BHI,24,998280,5.99925237034515,no
B4_6_3_S12-0184_1_BHI_-1_24_1,B4,6,3,S12-0184,1,BHI,24,7260,3.86093662070009,no
B4_6_3_S12-0180_1_BHI_-1_24_1,B4,6,3,S12-0180,1,BHI,24,18480,4.26670196688409,no
B4_6_3_S12-0166_1_BHIrif_-1_36_1,B4,6,3,S12-0166,1,BHIrif,36,66197.402345,4.82084094760636,no
B4_6_3_S12-0166_1_BHI_-3_36_1,B4,6,3,S12-0166,1,BHI,36,1062000,6.02612451674545,no
B4_6_3_S12-0184_1_BHIrif_-1_36_2,B4,6,3,S12-0184,1,BHIrif,36,0,1.74036268949424,no
B4_6_3_S12-0180_1_BHI_-1_36_1,B4,6,3,S12-0180,1,BHI,36,22440,4.35102285258412,no
B4_6_3_S12-0180_1_BHIrif_-1_36_2,B4,6,3,S12-0180,1,BHIrif,36,770,2.88649072517248,no
B4_6_3_S12-0184_1_BHI_-1_36_1,B4,6,3,S12-0184,1,BHI,36,8140,3.9106244048892,no
B4_6_4_S12-0166_1_BHI_-1_24_1,B4,6,4,S12-0166,1,BHI,24,63118.8125,4.80015881958114,no
B4_6_4_S12-0180_1_BHI_-1_24_1,B4,6,4,S12-0180,1,BHI,24,1320,3.12057393120585,no
B4_6_4_S12-0184_1_BHI_-3_24_1,B4,6,4,S12-0184,1,BHI,24,1530320,6.18478225415288,no
B4_6_4_S12-0166_1_BHIrif_-1_36_1,B4,6,4,S12-0166,1,BHIrif,36,9100,3.95904139232109,no
B4_6_4_S12-0166_1_BHI_-1_36_1,B4,6,4,S12-0166,1,BHI,36,58168.31641,4.76468649401277,no
B4_6_4_S12-0180_1_BHIrif_-1_36_1,B4,6,4,S12-0180,1,BHIrif,36,0,1.74036268949424,no
B4_6_4_S12-0180_1_BHI_-1_36_1,B4,6,4,S12-0180,1,BHI,36,1540,3.18752072083646,no
B4_6_4_S12-0184_1_BHIrif_-1_36_1,B4,6,4,S12-0184,1,BHIrif,36,500,2.69897000433602,no
B4_6_4_S12-0184_1_BHI_-3_36_1,B4,6,4,S12-0184,1,BHI,36,1923240,6.28403348297584,no
B4_6_6_S12-0166_1_BHI_-3_24_1,B4,6,6,S12-0166,1,BHI,24,398400,5.60031932975166,no
B4_6_6_S12-0184_1_BHI_-3_24_1,B4,6,6,S12-0184,1,BHI,24,447920,5.65120045448693,no
B4_6_6_S12-0180_1_BHI_-3_24_1,B4,6,6,S12-0180,1,BHI,24,3606400,6.55707389436601,no
B4_6_6_S12-0166_1_BHIrif_-1_36_1,B4,6,6,S12-0166,1,BHIrif,36,108546.16405,5.03561448038045,no
B4_6_6_S12-0166_1_BHI_-3_36_1,B4,6,6,S12-0166,1,BHI,36,384332.2813,5.58470686378172,no
B4_6_6_S12-0180_1_BHIrif_-1_36_1,B4,6,6,S12-0180,1,BHIrif,36,0,1.74036268949424,no
B4_6_6_S12-0180_1_BHI_-3_36_1,B4,6,6,S12-0180,1,BHI,36,3561600,6.55164514265461,no
B4_6_6_S12-0184_1_BHIrif_-1_36_1,B4,6,6,S12-0184,1,BHIrif,36,9700,3.98677173426624,no
B4_6_6_S12-0184_1_BHI_-3_36_1,B4,6,6,S12-0184,1,BHI,36,425480,5.62887915056919,no
B4_6_9_S12-0166_1_BHI_-2_24_1,B4,6,9,S12-0166,1,BHI,24,9556641,6.98030527182571,no
B4_6_9_S12-0184_1_BHI_-2_24_1,B4,6,9,S12-0184,1,BHI,24,1188850.625,6.0751272904357,no
B4_6_9_S12-0180_1_BHI_-2_24_1,B4,6,9,S12-0180,1,BHI,24,217280,5.33701975260041,no
B4_6_9_S12-0166_1_BHIrif_-3_36_1,B4,6,9,S12-0166,1,BHIrif,36,5246597.25,6.71987772727898,no
B4_6_9_S12-0166_1_BHI_-4_36_1,B4,6,9,S12-0166,1,BHI,36,3154200,6.49888922740207,no
B4_6_9_S12-0180_1_BHIrif_-1_36_1,B4,6,9,S12-0180,1,BHIrif,36,0,1.74036268949424,no
B4_6_9_S12-0180_1_BHI_-2_36_1,B4,6,9,S12-0180,1,BHI,36,221760,5.34588321293171,no
B4_6_9_S12-0184_1_BHIrif_-1_36_1,B4,6,9,S12-0184,1,BHIrif,36,4800,3.68124123737559,no
B4_6_9_S12-0184_1_BHI_-2_36_1,B4,6,9,S12-0184,1,BHI,36,1193909.625,6.07697145338524,no
B4_6_12_S12-0166_1_BHI_-3_24_1,B4,6,12,S12-0166,1,BHI,24,9283595,6.96771618595216,no
B4_6_12_S12-0180_1_BHI_-4_24_1,B4,6,12,S12-0180,1,BHI,24,5743440,6.7591720884825,no
B4_6_12_S12-0184_1_BHI_-4_24_1,B4,6,12,S12-0184,1,BHI,24,21691320,7.33628598130294,no
B4_6_12_S12-0166_1_BHIrif_-3_36_1,B4,6,12,S12-0166,1,BHIrif,36,598740,5.77723827300953,no
B4_6_12_S12-0166_1_BHI_-3_36_1,B4,6,12,S12-0166,1,BHI,36,7228527,6.85904980753703,no
B4_6_12_S12-0180_1_BHIrif_-1_36_1,B4,6,12,S12-0180,1,BHIrif,36,5720,3.75739602879302,no
B4_6_12_S12-0180_1_BHI_-4_36_1,B4,6,12,S12-0180,1,BHI,36,8296080,6.91887293135001,no
B4_6_12_S12-0184_1_BHIrif_-1_36_1,B4,6,12,S12-0184,1,BHIrif,36,229.3821106,2.3605595444691,no
B4_6_12_S12-0184_1_BHI_-4_36_1,B4,6,12,S12-0184,1,BHI,36,20584620,7.31354285416438,no
B4_6_15_S12-0166_1_BHI_-3_24_1,B4,6,15,S12-0166,1,BHI,24,81371096,7.91047016561521,no
B4_6_15_S12-0180_1_BHI_-3_24_1,B4,6,15,S12-0180,1,BHI,24,19688990,7.29422343839931,no
B4_6_15_S12-0184_1_BHI_-5_24_1,B4,6,15,S12-0184,1,BHI,24,28485080,7.45461744350517,no
B4_6_15_S12-0166_1_BHIrif_-4_36_1,B4,6,15,S12-0166,1,BHIrif,36,26017530,7.41526606400543,no
B4_6_15_S12-0166_1_BHI_-5_36_1,B4,6,15,S12-0166,1,BHI,36,63070000,7.79982283099332,no
B4_6_15_S12-0180_1_BHIrif_-1_36_2,B4,6,15,S12-0180,1,BHIrif,36,41910,4.62231766083384,no
B4_6_15_S12-0184_1_BHIrif_-1_36_2,B4,6,15,S12-0184,1,BHIrif,36,330,2.51851393987789,no
B4_6_15_S12-0184_1_BHI_-5_36_1,B4,6,15,S12-0184,1,BHI,36,372495520,8.57112105386021,no
B4_6_15_S12-0180_1_BHI_-5_36_1,B4,6,15,S12-0180,1,BHI,36,160853136,8.20642953234535,no
B4_6_18_S12-0166_1_BHI_-5_24_1,B4,6,18,S12-0166,1,BHI,24,22595000,7.35401234566722,no
B4_6_18_S12-0184_1_BHI_-3_24_1,B4,6,18,S12-0184,1,BHI,24,49131520,7.69136020027162,no
B4_6_18_S12-0180_1_BHI_-3_24_1,B4,6,18,S12-0180,1,BHI,24,15784272,7.19822455622039,no
B4_6_18_S12-0166_1_BHIrif_-5_36_1,B4,6,18,S12-0166,1,BHIrif,36,27114000,7.43319359171485,no
B4_6_18_S12-0166_1_BHI_-5_36_1,B4,6,18,S12-0166,1,BHI,36,24854500,7.39540503082545,no
B4_6_18_S12-0180_1_BHIrif_-1_36_2,B4,6,18,S12-0180,1,BHIrif,36,11760,4.07040732174012,no
B4_6_18_S12-0180_1_BHI_-5_36_1,B4,6,18,S12-0180,1,BHI,36,28237440,7.45082532112376,no
B4_6_18_S12-0184_1_BHIrif_-1_36_1,B4,6,18,S12-0184,1,BHIrif,36,9840,3.99299509843134,no
B4_6_18_S12-0184_1_BHI_-5_36_1,B4,6,18,S12-0184,1,BHI,36,13905840,7.14319722810462,no
B4_6_21_S12-0166_1_BHI_-6_24_1,B4,6,21,S12-0166,1,BHI,24,1800032256,9.25528028759069,no
B4_6_21_S12-0184_1_BHI_-6_24_1,B4,6,21,S12-0184,1,BHI,24,492120864,8.69207177781195,no
B4_6_21_S12-0180_1_BHI_-4_24_1,B4,6,21,S12-0180,1,BHI,24,111496560,8.04726146831634,no
B4_6_21_S12-0166_1_BHIrif_-3_36_1,B4,6,21,S12-0166,1,BHIrif,36,105224028,8.02211492267203,no
B4_6_21_S12-0184_1_BHIrif_-1_36_2,B4,6,21,S12-0184,1,BHIrif,36,401397.5,5.60357466326959,no
B4_6_21_S12-0180_1_BHI_-4_36_1,B4,6,21,S12-0180,1,BHI,36,125011296,8.0969492575586,no
B4_6_21_S12-0180_1_BHIrif_-1_36_2,B4,6,21,S12-0180,1,BHIrif,36,2200,3.34242268082221,no
B4_6_21_S12-0166_1_BHI_-6_36_1,B4,6,21,S12-0166,1,BHI,36,1708891520,9.23271449469224,no
B4_6_21_S12-0184_1_BHI_-6_36_1,B4,6,21,S12-0184,1,BHI,36,556310528,8.74531727890369,no
B4_6_24_S12-0166_1_BHI_-6_24_1,B4,6,24,S12-0166,1,BHI,24,1200243968,9.07926953203683,no
B4_6_24_S12-0184_1_BHI_-6_24_1,B4,6,24,S12-0184,1,BHI,24,9.68e+08,8.98587535730839,no
B4_6_24_S12-0180_1_BHI_-6_24_1,B4,6,24,S12-0180,1,BHI,24,1809809280,9.25763281077652,no
B4_6_24_S12-0166_1_BHIrif_-5_36_1,B4,6,24,S12-0166,1,BHIrif,36,237647520,8.37593328652081,no
B4_6_24_S12-0180_1_BHIrif_-3_36_2,B4,6,24,S12-0180,1,BHIrif,36,1458120,6.16379326691288,no
B4_6_24_S12-0166_1_BHI_-6_36_1,B4,6,24,S12-0166,1,BHI,36,1512307456,9.179640093328,no
B4_6_24_S12-0184_1_BHIrif_-1_36_1,B4,6,24,S12-0184,1,BHIrif,36,451785.71875,5.65493249846106,no
B4_6_24_S12-0180_1_BHI_-6_36_1,B4,6,24,S12-0180,1,BHI,36,1809809280,9.25763281077652,no
B4_6_24_S12-0184_1_BHI_-6_36_1,B4,6,24,S12-0184,1,BHI,36,1.056e+09,9.02366391819779,no
B4_6_27_S12-0166_1_BHI_-6_24_1,B4,6,27,S12-0166,1,BHI,24,4207713280,9.62404613866558,no
B4_6_27_S12-0184_1_BHI_-6_24_1,B4,6,27,S12-0184,1,BHI,24,1030346560,9.01298332546316,no
B4_6_27_S12-0180_1_BHI_-6_24_1,B4,6,27,S12-0180,1,BHI,24,7085131776,9.85034793207924,no
B4_6_27_S12-0166_1_BHIrif_-5_36_1,B4,6,27,S12-0166,1,BHIrif,36,576105888,8.76050231388794,no
B4_6_27_S12-0166_1_BHI_-6_36_1,B4,6,27,S12-0166,1,BHI,36,3780191232,9.57751377044612,no
B4_6_27_S12-0184_1_BHI_-6_36_1,B4,6,27,S12-0184,1,BHI,36,2481242624,9.39466923308014,no
B4_6_27_S12-0184_1_BHIrif_-2_36_2,B4,6,27,S12-0184,1,BHIrif,36,603100.25,5.78038950849682,no
B4_6_27_S12-0180_1_BHI_-6_36_1,B4,6,27,S12-0180,1,BHI,36,6908884480,9.8394079311239,no
B4_6_27_S12-0180_1_BHIrif_-3_36_2,B4,6,27,S12-0180,1,BHIrif,36,1195950,6.07771302314904,no
B4_6_30_S12-0166_1_BHI_-6_24_1,B4,6,30,S12-0166,1,BHI,24,432629248,8.6361158766741,yes
B4_6_30_S12-0180_1_BHI_-6_24_1,B4,6,30,S12-0180,1,BHI,24,730337664,8.86352369807481,yes
B4_6_30_S12-0184_1_BHI_-6_24_1,B4,6,30,S12-0184,1,BHI,24,1731584128,9.23844359634093,no
B4_6_30_S12-0166_1_BHIrif_-5_36_1,B4,6,30,S12-0166,1,BHIrif,36,31878000,7.50349106629338,yes
B4_6_30_S12-0180_1_BHI_-6_36_1,B4,6,30,S12-0180,1,BHI,36,880848960,8.94490144591249,yes
B4_6_30_S12-0180_1_BHIrif_-1_36_2,B4,6,30,S12-0180,1,BHIrif,36,3740,3.57287160220048,yes
B4_6_30_S12-0166_1_BHI_-6_36_1,B4,6,30,S12-0166,1,BHI,36,478169152,8.67958155515845,yes
B4_6_30_S12-0184_1_BHI_-6_36_1,B4,6,30,S12-0184,1,BHI,36,2238389248,9.34993561103916,no
B4_6_30_S12-0184_1_BHIrif_-1_36_2,B4,6,30,S12-0184,1,BHIrif,36,330,2.51851393987789,yes
B5_6_0_S12-0166_2_BHI_-3_24_1,B5,6,0,S12-0166,2,BHI,24,1785960,6.25187172780347,no
B5_6_0_S12-0184_2_BHI_-1_24_1,B5,6,0,S12-0184,2,BHI,24,20160,4.30449052777349,no
B5_6_0_S12-0180_2_BHI_-1_24_1,B5,6,0,S12-0180,2,BHI,24,29040,4.46299661202806,no
B5_6_0_S12-0166_2_BHIrif_-1_36_1,B5,6,0,S12-0166,2,BHIrif,36,8690,3.93901977644867,no
B5_6_0_S12-0166_2_BHI_-3_36_1,B5,6,0,S12-0166,2,BHI,36,1916640,6.28254054756992,no
B5_6_0_S12-0180_2_BHIrif_-1_36_1,B5,6,0,S12-0180,2,BHIrif,36,4180,3.62117628177504,no
B5_6_0_S12-0180_2_BHI_-1_36_1,B5,6,0,S12-0180,2,BHI,36,30360,4.48230176722344,no
B5_6_0_S12-0184_2_BHIrif_-1_36_1,B5,6,0,S12-0184,2,BHIrif,36,540,2.73239375982297,no
B5_6_0_S12-0184_2_BHI_-1_36_1,B5,6,0,S12-0184,2,BHI,36,19440,4.28869626059026,no
B5_6_1_S12-0166_2_BHI_-1_24_1,B5,6,1,S12-0166,2,BHI,24,91355.59375,4.96073514457725,no
B5_6_1_S12-0184_2_BHI_-3_24_1,B5,6,1,S12-0184,2,BHI,24,200800,5.30276370847298,no
B5_6_1_S12-0180_2_BHI_-1_24_1,B5,6,1,S12-0180,2,BHI,24,117878.1875,5.07143344949889,no
B5_6_1_S12-0166_2_BHIrif_-1_36_1,B5,6,1,S12-0166,2,BHIrif,36,13200,4.12057393120585,no
B5_6_1_S12-0166_2_BHI_-1_36_1,B5,6,1,S12-0166,2,BHI,36,86935.16406,4.93919547803943,no
B5_6_1_S12-0180_2_BHI_-1_36_1,B5,6,1,S12-0180,2,BHI,36,112475.4375,5.0510576911327,no
B5_6_1_S12-0180_2_BHIrif_-1_36_2,B5,6,1,S12-0180,2,BHIrif,36,5239.2019045,3.71926513529097,no
B5_6_1_S12-0184_2_BHI_-3_36_1,B5,6,1,S12-0184,2,BHI,36,240960,5.38194495452061,no
B5_6_1_S12-0184_2_BHIrif_-1_36_2,B5,6,1,S12-0184,2,BHIrif,36,1000,3,no
B5_6_2_S12-0166_2_BHI_-1_24_1,B5,6,2,S12-0166,2,BHI,24,377484.4688,5.57689908774477,no
B5_6_2_S12-0180_2_BHI_-1_24_1,B5,6,2,S12-0180,2,BHI,24,95284.86719,4.97902393298114,no
B5_6_2_S12-0184_2_BHI_-1_24_1,B5,6,2,S12-0184,2,BHI,24,319875.7813,5.50498135966543,no
B5_6_2_S12-0166_2_BHIrif_-1_36_1,B5,6,2,S12-0166,2,BHIrif,36,6820,3.83378437465648,no
B5_6_2_S12-0180_2_BHIrif_-1_36_2,B5,6,2,S12-0180,2,BHIrif,36,2300,3.36172783601759,no
B5_6_2_S12-0166_2_BHI_-1_36_1,B5,6,2,S12-0166,2,BHI,36,341614.9063,5.53353681278568,no
B5_6_2_S12-0184_2_BHIrif_-1_36_2,B5,6,2,S12-0184,2,BHIrif,36,0,1.69897000433602,no
B5_6_2_S12-0180_2_BHI_-1_36_1,B5,6,2,S12-0180,2,BHI,36,96758.34375,4.98568842576682,no
B5_6_2_S12-0184_2_BHI_-1_36_1,B5,6,2,S12-0184,2,BHI,36,346273.2813,5.53941898236193,no
B5_6_3_S12-0166_2_BHI_-1_24_1,B5,6,3,S12-0166,2,BHI,24,187582.7813,5.27319297087888,no
B5_6_3_S12-0180_2_BHI_-3_24_1,B5,6,3,S12-0180,2,BHI,24,22149504,7.34536400539092,no
B5_6_3_S12-0184_2_BHI_-3_24_1,B5,6,3,S12-0184,2,BHI,24,19772268,7.29605648840276,no
B5_6_3_S12-0166_2_BHIrif_-1_36_1,B5,6,3,S12-0166,2,BHIrif,36,28930,4.46134843364798,no
B5_6_3_S12-0166_2_BHI_-1_36_1,B5,6,3,S12-0166,2,BHI,36,173923.8438,5.24035912496372,no
B5_6_3_S12-0180_2_BHIrif_-1_36_2,B5,6,3,S12-0180,2,BHIrif,36,3300,3.51851393987789,no
B5_6_3_S12-0180_2_BHI_-3_36_1,B5,6,3,S12-0180,2,BHI,36,19413908,7.28811296722758,no
B5_6_3_S12-0184_2_BHIrif_-1_36_2,B5,6,3,S12-0184,2,BHIrif,36,0,1.69897000433602,no
B5_6_3_S12-0184_2_BHI_-3_36_1,B5,6,3,S12-0184,2,BHI,36,18731622,7.27257538523162,no
B5_6_4_S12-0166_2_BHI_-3_24_1,B5,6,4,S12-0166,2,BHI,24,188460,5.27521918678215,no
B5_6_4_S12-0180_2_BHI_-3_24_1,B5,6,4,S12-0180,2,BHI,24,1850720,6.26734071823792,no
B5_6_4_S12-0184_2_BHI_-3_24_1,B5,6,4,S12-0184,2,BHI,24,18109768,7.25791288670472,no
B5_6_4_S12-0166_2_BHIrif_-1_36_1,B5,6,4,S12-0166,2,BHIrif,36,68688.11914,4.83688162442269,no
B5_6_4_S12-0180_2_BHIrif_-1_36_2,B5,6,4,S12-0180,2,BHIrif,36,0,1.74036268949424,no
B5_6_4_S12-0166_2_BHI_-3_36_1,B5,6,4,S12-0166,2,BHI,36,230340,5.36236936250105,no
B5_6_4_S12-0180_2_BHI_-3_36_1,B5,6,4,S12-0180,2,BHI,36,1893760,6.27732493914452,no
B5_6_4_S12-0184_2_BHIrif_-1_36_1,B5,6,4,S12-0184,2,BHIrif,36,18480,4.26670196688409,no
B5_6_4_S12-0184_2_BHI_-3_36_1,B5,6,4,S12-0184,2,BHI,36,16316722,7.21263291420319,no
B5_6_6_S12-0166_2_BHI_-4_24_1,B5,6,6,S12-0166,2,BHI,24,488149984,8.68855327941224,no
B5_6_6_S12-0184_2_BHI_-4_24_1,B5,6,6,S12-0184,2,BHI,24,52324412,7.71870435661722,no
B5_6_6_S12-0180_2_BHI_-2_24_1,B5,6,6,S12-0180,2,BHI,24,995776,5.99816165478422,no
B5_6_6_S12-0166_2_BHIrif_-3_36_1,B5,6,6,S12-0166,2,BHIrif,36,3331670,6.52266197824599,no
B5_6_6_S12-0184_2_BHIrif_-1_36_1,B5,6,6,S12-0184,2,BHIrif,36,5200,3.7160033436348,no
B5_6_6_S12-0180_2_BHI_-2_36_1,B5,6,6,S12-0180,2,BHI,36,785798.25,5.89531105728797,no
B5_6_6_S12-0180_2_BHIrif_-1_36_2,B5,6,6,S12-0180,2,BHIrif,36,2090,3.32014628611105,no
B5_6_6_S12-0166_2_BHI_-4_36_1,B5,6,6,S12-0166,2,BHI,36,481619552,8.68270410938214,no
B5_6_6_S12-0184_2_BHI_-4_36_1,B5,6,6,S12-0184,2,BHI,36,51682396,7.71334263938056,no
B5_6_9_S12-0166_2_BHI_-5_24_1,B5,6,9,S12-0166,2,BHI,24,432661984,8.63614873743506,no
B5_6_9_S12-0184_2_BHI_-3_24_1,B5,6,9,S12-0184,2,BHI,24,13076621,7.11649553675303,no
B5_6_9_S12-0180_2_BHI_-3_24_1,B5,6,9,S12-0180,2,BHI,24,3378960,6.52878305064376,no
B5_6_9_S12-0166_2_BHIrif_-4_36_1,B5,6,9,S12-0166,2,BHIrif,36,50874514,7.70650027347404,no
B5_6_9_S12-0184_2_BHI_-3_36_1,B5,6,9,S12-0184,2,BHI,36,12221611,7.08712845650359,no
B5_6_9_S12-0184_2_BHIrif_-1_36_2,B5,6,9,S12-0184,2,BHIrif,36,36400,4.56110138364906,no
B5_6_9_S12-0180_2_BHI_-3_36_1,B5,6,9,S12-0180,2,BHI,36,3140700,6.49702645452428,no
B5_6_9_S12-0180_2_BHIrif_-1_36_2,B5,6,9,S12-0180,2,BHIrif,36,110,2.04139268515822,no
B5_6_9_S12-0166_2_BHI_-5_36_1,B5,6,9,S12-0166,2,BHI,36,385772544,8.58633131502998,no
B5_6_12_S12-0166_2_BHI_-3_24_1,B5,6,12,S12-0166,2,BHI,24,20719372,7.31637658789424,no
B5_6_12_S12-0184_2_BHI_-3_24_1,B5,6,12,S12-0184,2,BHI,24,39794720,7.59982545330531,no
B5_6_12_S12-0180_2_BHI_-5_24_1,B5,6,12,S12-0180,2,BHI,24,428681888,8.63213513476367,no
B5_6_12_S12-0166_2_BHIrif_-4_36_1,B5,6,12,S12-0166,2,BHIrif,36,387240,5.58798021145153,no
B5_6_12_S12-0180_2_BHIrif_-1_36_2,B5,6,12,S12-0180,2,BHIrif,36,9240,3.96567197122011,no
B5_6_12_S12-0166_2_BHI_-3_36_1,B5,6,12,S12-0166,2,BHI,36,20293046,7.30734723982318,no
B5_6_12_S12-0184_2_BHI_-5_36_1,B5,6,12,S12-0184,2,BHI,36,21189800,7.32612685764018,no
B5_6_12_S12-0184_2_BHIrif_-1_36_2,B5,6,12,S12-0184,2,BHIrif,36,3080,3.48855071650044,no
B5_6_12_S12-0180_2_BHI_-5_36_1,B5,6,12,S12-0180,2,BHI,36,411361408,8.61422354579622,no
B5_6_15_S12-0166_2_BHI_-4_24_1,B5,6,15,S12-0166,2,BHI,24,103692728,8.01574830026356,no
B5_6_15_S12-0180_2_BHI_-4_24_1,B5,6,15,S12-0180,2,BHI,24,149681632,8.17516850969192,no
B5_6_15_S12-0184_2_BHI_-4_24_1,B5,6,15,S12-0184,2,BHI,24,393133216,8.59453973910395,no
B5_6_15_S12-0166_2_BHIrif_-3_36_1,B5,6,15,S12-0166,2,BHIrif,36,1189320,6.07529872218491,no
B5_6_15_S12-0166_2_BHI_-4_36_1,B5,6,15,S12-0166,2,BHI,36,100255400,8.00110777408067,no
B5_6_15_S12-0180_2_BHIrif_-1_36_2,B5,6,15,S12-0180,2,BHIrif,36,110,2.04139268515822,no
B5_6_15_S12-0180_2_BHI_-4_36_1,B5,6,15,S12-0180,2,BHI,36,151432288,8.18021848418126,no
B5_6_15_S12-0184_2_BHIrif_-1_36_1,B5,6,15,S12-0184,2,BHIrif,36,550,2.74036268949424,no
B5_6_15_S12-0184_2_BHI_-4_36_1,B5,6,15,S12-0184,2,BHI,36,352638816,8.54733011467571,no
B5_6_18_S12-0166_2_BHI_-6_24_1,B5,6,18,S12-0166,2,BHI,24,477260512,8.67875550281388,no
B5_6_18_S12-0184_2_BHI_-6_24_1,B5,6,18,S12-0184,2,BHI,24,1789441536,9.25271751384233,no
B5_6_18_S12-0180_2_BHI_-6_24_1,B5,6,18,S12-0180,2,BHI,24,504980160,8.70327431560028,no
B5_6_18_S12-0166_2_BHIrif_-4_36_1,B5,6,18,S12-0166,2,BHIrif,36,107084820,8.02972791100473,no
B5_6_18_S12-0166_2_BHI_-6_36_1,B5,6,18,S12-0166,2,BHI,36,455566880,8.65855214307149,no
B5_6_18_S12-0180_2_BHIrif_-1_36_2,B5,6,18,S12-0180,2,BHIrif,36,1430,3.15533603746506,no
B5_6_18_S12-0180_2_BHI_-6_36_1,B5,6,18,S12-0180,2,BHI,36,504980160,8.70327431560028,no
B5_6_18_S12-0184_2_BHIrif_-3_36_1,B5,6,18,S12-0184,2,BHIrif,36,6072150.75,6.7833425450153,no
B5_6_18_S12-0184_2_BHI_-6_36_1,B5,6,18,S12-0184,2,BHI,36,1834743936,9.26357546099023,no
B5_6_21_S12-0166_2_BHI_-6_24_1,B5,6,21,S12-0166,2,BHI,24,501781440,8.70051459349781,no
B5_6_21_S12-0184_2_BHI_-6_24_1,B5,6,21,S12-0184,2,BHI,24,2928424192,9.4666339859456,no
B5_6_21_S12-0180_2_BHI_-6_24_1,B5,6,21,S12-0180,2,BHI,24,890286080,8.94952958305103,no
B5_6_21_S12-0166_2_BHIrif_-3_36_1,B5,6,21,S12-0166,2,BHIrif,36,5859553,6.76786448683074,no
B5_6_21_S12-0180_2_BHIrif_-1_36_2,B5,6,21,S12-0180,2,BHIrif,36,25680,4.40959501939682,no
B5_6_21_S12-0166_2_BHI_-6_36_1,B5,6,21,S12-0166,2,BHI,36,522688992,8.71824335381116,no
B5_6_21_S12-0180_2_BHI_-6_36_1,B5,6,21,S12-0180,2,BHI,36,1030857536,9.01319865014854,no
B5_6_21_S12-0184_2_BHIrif_-1_36_1,B5,6,21,S12-0184,2,BHIrif,36,439758.4844,5.64321422719159,no
B5_6_21_S12-0184_2_BHI_-6_36_1,B5,6,21,S12-0184,2,BHI,36,2675610624,9.42742291172947,no
B5_6_24_S12-0166_2_BHI_-6_24_1,B5,6,24,S12-0166,2,BHI,24,11329295360,10.0542028992032,no
B5_6_24_S12-0180_2_BHI_-6_24_1,B5,6,24,S12-0180,2,BHI,24,9307166720,9.96881749353331,no
B5_6_24_S12-0184_2_BHI_-6_24_1,B5,6,24,S12-0184,2,BHI,24,3712092160,9.56961874989666,no
B5_6_24_S12-0166_2_BHIrif_-5_36_1,B5,6,24,S12-0166,2,BHIrif,36,503015040,8.70158097052582,no
B5_6_24_S12-0184_2_BHIrif_-3_36_2,B5,6,24,S12-0184,2,BHIrif,36,4181320,6.62131340575088,no
B5_6_24_S12-0180_2_BHI_-6_36_1,B5,6,24,S12-0180,2,BHI,36,8538073088,9.93135986815114,no
B5_6_24_S12-0180_2_BHIrif_-1_36_2,B5,6,24,S12-0180,2,BHIrif,36,20640,4.31470969295517,no
B5_6_24_S12-0166_2_BHI_-6_36_1,B5,6,24,S12-0166,2,BHI,36,10520059904,10.0220182128123,no
B5_6_24_S12-0184_2_BHI_-6_36_1,B5,6,24,S12-0184,2,BHI,36,4047521792,9.60718919568851,no
B5_6_27_S12-0166_2_BHI_-6_24_1,B5,6,27,S12-0166,2,BHI,24,3308636416,9.51964904543108,yes
B5_6_27_S12-0184_2_BHI_-6_24_1,B5,6,27,S12-0184,2,BHI,24,7005418496,9.8454340846717,no
B5_6_27_S12-0180_2_BHI_-6_24_1,B5,6,27,S12-0180,2,BHI,24,2849398272,9.45475315659053,yes
B5_6_27_S12-0166_2_BHIrif_-4_36_1,B5,6,27,S12-0166,2,BHIrif,36,175042056,8.24314240579714,no
B5_6_27_S12-0184_2_BHIrif_-3_36_1,B5,6,27,S12-0184,2,BHIrif,36,6848762.25,6.83561209024184,no
B5_6_27_S12-0180_2_BHI_-6_36_1,B5,6,27,S12-0180,2,BHI,36,3699622144,9.56815737024116,no
B5_6_27_S12-0180_2_BHIrif_-1_36_2,B5,6,27,S12-0180,2,BHIrif,36,20900,4.32014628611105,no
B5_6_27_S12-0166_2_BHI_-6_36_1,B5,6,27,S12-0166,2,BHI,36,3023786752,9.48055115994581,yes
B5_6_27_S12-0184_2_BHI_-6_36_2,B5,6,27,S12-0184,2,BHI,36,7312973312,9.86409398851077,no
B5_6_30_S12-0166_2_BHI_-6_24_1,B5,6,30,S12-0166,2,BHI,24,3483037440,9.54195814281827,yes
B5_6_30_S12-0184_2_BHI_-6_24_1,B5,6,30,S12-0184,2,BHI,24,1854118400,9.26813746380245,yes
B5_6_30_S12-0180_2_BHI_-6_24_1,B5,6,30,S12-0180,2,BHI,24,4474859008,9.65077935629724,no
B5_6_30_S12-0166_2_BHIrif_-3_36_1,B5,6,30,S12-0166,2,BHIrif,36,104532692,8.01925213479929,yes
B5_6_30_S12-0166_2_BHI_-6_36_1,B5,6,30,S12-0166,2,BHI,36,3436246784,9.53608434639341,no
B5_6_30_S12-0184_2_BHIrif_-2_36_2,B5,6,30,S12-0184,2,BHIrif,36,44909.00586,4.65233344129529,yes
B5_6_30_S12-0180_2_BHI_-6_36_1,B5,6,30,S12-0180,2,BHI,36,4630624768,9.6656395903678,no
B5_6_30_S12-0180_2_BHIrif_-1_36_2,B5,6,30,S12-0180,2,BHIrif,36,7090.895752,3.85070110056789,yes
B5_6_30_S12-0184_2_BHI_-6_36_1,B5,6,30,S12-0184,2,BHI,36,2809870592,9.44868631902449,no
B6_6_0_S12-0116_4_BHIrif_-1_24_1,B6,6,0,S12-0116,4,BHIrif,24,0,1.69897000433602,no
B6_6_0_S12-0132_4_BHI_-1_24_1,B6,6,0,S12-0132,4,BHI,24,800,2.90308998699194,no
B6_6_0_S12-0132_4_BHIrif_-1_24_2,B6,6,0,S12-0132,4,BHIrif,24,500,2.69897000433602,no
B6_6_0_S12-0116_4_BHI_-1_24_1,B6,6,0,S12-0116,4,BHI,24,600,2.77815125038364,no
B6_6_0_S12-0141_4_BHIrif_-1_24_1,B6,6,0,S12-0141,4,BHIrif,24,2800,3.44715803134222,no
B6_6_0_S12-0141_4_BHI_-1_24_1,B6,6,0,S12-0141,4,BHI,24,5000,3.69897000433602,no
B6_6_1_S12-0116_4_BHIrif_-1_24_1,B6,6,1,S12-0116,4,BHIrif,24,300,2.47712125471966,no
B6_6_1_S12-0116_4_BHI_-1_24_1,B6,6,1,S12-0116,4,BHI,24,5800,3.76342799356294,no
B6_6_1_S12-0132_4_BHIrif_-1_24_1,B6,6,1,S12-0132,4,BHIrif,24,100,2,no
B6_6_1_S12-0132_4_BHI_-1_24_1,B6,6,1,S12-0132,4,BHI,24,600,2.77815125038364,no
B6_6_1_S12-0141_4_BHIrif_-1_24_1,B6,6,1,S12-0141,4,BHIrif,24,3800,3.57978359661681,no
B6_6_1_S12-0141_4_BHI_-3_24_1,B6,6,1,S12-0141,4,BHI,24,363660,5.56069553439365,no
B6_6_2_S12-0116_4_BHIrif_-1_24_1,B6,6,2,S12-0116,4,BHIrif,24,0,1.74036268949424,no
B6_6_2_S12-0132_4_BHIrif_-1_24_1,B6,6,2,S12-0132,4,BHIrif,24,0,1.69897000433602,no
B6_6_2_S12-0116_4_BHI_-1_24_1,B6,6,2,S12-0116,4,BHI,24,3740,3.57287160220048,no
B6_6_2_S12-0141_4_BHIrif_-1_24_1,B6,6,2,S12-0141,4,BHIrif,24,500,2.69897000433602,no
B6_6_2_S12-0132_4_BHI_-1_24_1,B6,6,2,S12-0132,4,BHI,24,6400,3.80617997398389,no
B6_6_2_S12-0141_4_BHI_-1_24_1,B6,6,2,S12-0141,4,BHI,24,22600,4.3541084391474,no
B6_6_3_S12-0116_4_BHIrif_-1_24_1,B6,6,3,S12-0116,4,BHIrif,24,0,1.65321251377534,no
B6_6_3_S12-0116_4_BHI_-1_24_1,B6,6,3,S12-0116,4,BHI,24,3060,3.48572142648158,no
B6_6_3_S12-0141_4_BHIrif_-1_24_1,B6,6,3,S12-0141,4,BHIrif,24,0,1.69897000433602,no
B6_6_3_S12-0132_4_BHI_-1_24_1,B6,6,3,S12-0132,4,BHI,24,259316.7656,5.41383059610674,no
B6_6_3_S12-0132_4_BHIrif_-1_24_2,B6,6,3,S12-0132,4,BHIrif,24,0,1.69897000433602,no
B6_6_3_S12-0141_4_BHI_-1_24_1,B6,6,3,S12-0141,4,BHI,24,10200,4.00860017176192,no
B6_6_4_S12-0116_4_BHIrif_-1_24_1,B6,6,4,S12-0116,4,BHIrif,24,100,2,no
B6_6_4_S12-0132_4_BHI_-3_24_1,B6,6,4,S12-0132,4,BHI,24,2200,3.34242268082221,no
B6_6_4_S12-0132_4_BHIrif_-1_24_2,B6,6,4,S12-0132,4,BHIrif,24,100,2,no
B6_6_4_S12-0116_4_BHI_-1_24_1,B6,6,4,S12-0116,4,BHI,24,7000,3.84509804001426,no
B6_6_4_S12-0141_4_BHI_-1_24_1,B6,6,4,S12-0141,4,BHI,24,16600,4.22010808804005,no
B6_6_4_S12-0141_4_BHIrif_-1_24_2,B6,6,4,S12-0141,4,BHIrif,24,900,2.95424250943932,no
B6_6_6_S12-0116_4_BHIrif_-1_24_1,B6,6,6,S12-0116,4,BHIrif,24,200,2.30102999566398,no
B6_6_6_S12-0132_4_BHIrif_-1_24_1,B6,6,6,S12-0132,4,BHIrif,24,0,1.74036268949424,no
B6_6_6_S12-0116_4_BHI_-3_24_1,B6,6,6,S12-0116,4,BHI,24,374680,5.57366051155802,no
B6_6_6_S12-0132_4_BHI_-1_24_1,B6,6,6,S12-0132,4,BHI,24,36080,4.5572665288699,no
B6_6_6_S12-0141_4_BHIrif_-1_24_1,B6,6,6,S12-0141,4,BHIrif,24,13000,4.11394335230684,no
B6_6_6_S12-0141_4_BHI_-3_24_1,B6,6,6,S12-0141,4,BHI,24,1317360,6.11970447249322,no
B6_6_9_S12-0116_4_BHIrif_-1_24_2,B6,6,9,S12-0116,4,BHIrif,24,0,1.69897000433602,no
B6_6_9_S12-0132_4_BHI_-4_24_1,B6,6,9,S12-0132,4,BHI,24,19918600,7.29925881031049,no
B6_6_9_S12-0132_4_BHIrif_-1_24_2,B6,6,9,S12-0132,4,BHIrif,24,3520,3.54654266347813,no
B6_6_9_S12-0116_4_BHI_-2_24_1,B6,6,9,S12-0116,4,BHI,24,251460,5.40046891121749,no
B6_6_9_S12-0141_4_BHIrif_-1_24_2,B6,6,9,S12-0141,4,BHIrif,24,29900,4.47567118832443,no
B6_6_9_S12-0141_4_BHI_-2_24_1,B6,6,9,S12-0141,4,BHI,24,628094.0625,5.79802468795005,no
B6_6_12_S12-0116_4_BHIrif_-3_24_1,B6,6,12,S12-0116,4,BHIrif,24,42040,4.6236627073562,no
B6_6_12_S12-0132_4_BHI_-3_24_1,B6,6,12,S12-0132,4,BHI,24,3131980,6.4958189801045,no
B6_6_12_S12-0132_4_BHIrif_-3_24_2,B6,6,12,S12-0132,4,BHIrif,24,115610,5.06299540118647,no
B6_6_12_S12-0116_4_BHI_-5_24_1,B6,6,12,S12-0116,4,BHI,24,193452080,8.2865734036239,no
B6_6_12_S12-0141_4_BHI_-3_24_1,B6,6,12,S12-0141,4,BHI,24,16160514,7.20845516979337,no
B6_6_12_S12-0141_4_BHIrif_-3_24_2,B6,6,12,S12-0141,4,BHIrif,24,4139820,6.61698145834162,no
B6_6_15_S12-0116_4_BHIrif_-2_24_1,B6,6,15,S12-0116,4,BHIrif,24,74520,4.87227284622421,no
B6_6_15_S12-0132_4_BHI_-4_24_1,B6,6,15,S12-0132,4,BHI,24,1299000,6.11360915107303,no
B6_6_15_S12-0132_4_BHIrif_-2_24_2,B6,6,15,S12-0132,4,BHIrif,24,1080,3.03342375548695,no
B6_6_15_S12-0116_4_BHI_-6_24_1,B6,6,15,S12-0116,4,BHI,24,929137088,8.96807979598461,no
B6_6_15_S12-0141_4_BHIrif_-2_24_2,B6,6,15,S12-0141,4,BHIrif,24,1304415.4375,6.11541592995406,no
B6_6_15_S12-0141_4_BHI_-4_24_1,B6,6,15,S12-0141,4,BHI,24,83575440,7.92207867170276,no
B6_6_18_S12-0116_4_BHIrif_-2_24_1,B6,6,18,S12-0116,4,BHIrif,24,5715605.5,6.75706224547133,no
B6_6_18_S12-0132_4_BHI_-3_24_1,B6,6,18,S12-0132,4,BHI,24,19847682,7.2977097930441,no
B6_6_18_S12-0132_4_BHIrif_-3_24_2,B6,6,18,S12-0132,4,BHIrif,24,1900800,6.2789364233011,no
B6_6_18_S12-0116_4_BHI_-5_24_1,B6,6,18,S12-0116,4,BHI,24,101456640,8.00628047543041,no
B6_6_18_S12-0141_4_BHI_-5_24_1,B6,6,18,S12-0141,4,BHI,24,122152416,8.08690206111782,no
B6_6_18_S12-0141_4_BHIrif_-2_24_2,B6,6,18,S12-0141,4,BHIrif,24,12553125,7.09875185341177,no
B6_6_21_S12-0116_4_BHIrif_-4_24_1,B6,6,21,S12-0116,4,BHIrif,24,17920000,7.25333800532611,no
B6_6_21_S12-0116_4_BHI_-6_24_1,B6,6,21,S12-0116,4,BHI,24,3850333952,9.58549839891656,no
B6_6_21_S12-0132_4_BHI_-6_24_1,B6,6,21,S12-0132,4,BHI,24,6882006016,9.83771504792956,no
B6_6_21_S12-0132_4_BHIrif_-4_24_2,B6,6,21,S12-0132,4,BHIrif,24,24406260,7.38750123350132,no
B6_6_21_S12-0141_4_BHIrif_-4_24_1,B6,6,21,S12-0141,4,BHIrif,24,6019180,6.77953733083731,no
B6_6_21_S12-0141_4_BHI_-6_24_1,B6,6,21,S12-0141,4,BHI,24,3713411584,9.56977308786168,no
B6_6_24_S12-0116_4_BHIrif_-2_24_1,B6,6,24,S12-0116,4,BHIrif,24,817837.25,5.91266688746193,yes
B6_6_24_S12-0116_4_BHI_-6_24_1,B6,6,24,S12-0116,4,BHI,24,7408711680,9.86974269395619,no
B6_6_24_S12-0132_4_BHIrif_-2_24_1,B6,6,24,S12-0132,4,BHIrif,24,270320,5.43187817876684,yes
B6_6_24_S12-0132_4_BHI_-6_24_1,B6,6,24,S12-0132,4,BHI,24,3214528256,9.50711724760286,no
B6_6_24_S12-0141_4_BHIrif_-4_24_1,B6,6,24,S12-0141,4,BHIrif,24,4564560,6.65939892014375,no
B6_6_24_S12-0141_4_BHI_-6_24_1,B6,6,24,S12-0141,4,BHI,24,4173473280,9.6204976373447,no
B7_6_0_S12-0166_3_BHI_-1_24_1,B7,6,0,S12-0166,3,BHI,24,60581.68359,4.78234133838751,no
B7_6_0_S12-0184_3_BHI_-1_24_1,B7,6,0,S12-0184,3,BHI,24,14200,4.15228834438306,no
B7_6_0_S12-0180_3_BHI_-3_24_1,B7,6,0,S12-0180,3,BHI,24,103200,5.01367969729119,no
B7_6_0_S12-0166_3_BHIrif_-1_36_1,B7,6,0,S12-0166,3,BHIrif,36,0,1.74036268949424,no
B7_6_0_S12-0166_3_BHI_-3_36_1,B7,6,0,S12-0166,3,BHI,36,283140,5.45200122772659,no
B7_6_0_S12-0180_3_BHIrif_-1_36_1,B7,6,0,S12-0180,3,BHIrif,36,0,1.69897000433602,no
B7_6_0_S12-0180_3_BHI_-3_36_1,B7,6,0,S12-0180,3,BHI,36,123840,5.09286094333882,no
B7_6_0_S12-0184_3_BHIrif_-1_36_1,B7,6,0,S12-0184,3,BHIrif,36,0,1.69897000433602,no
B7_6_0_S12-0184_3_BHI_-1_36_1,B7,6,0,S12-0184,3,BHI,36,17600,4.24551266781415,no
B7_6_1_S12-0166_3_BHI_-1_24_1,B7,6,1,S12-0166,3,BHI,24,9200,3.96378782734556,no
B7_6_1_S12-0180_3_BHI_-3_24_1,B7,6,1,S12-0180,3,BHI,24,501600,5.70035752782266,no
B7_6_1_S12-0184_3_BHI_-1_24_1,B7,6,1,S12-0184,3,BHI,24,10780,4.03261876085072,no
B7_6_1_S12-0166_3_BHIrif_-1_36_1,B7,6,1,S12-0166,3,BHIrif,36,200,2.30102999566398,no
B7_6_1_S12-0184_3_BHI_-1_36_1,B7,6,1,S12-0184,3,BHI,36,8140,3.9106244048892,no
B7_6_1_S12-0184_3_BHIrif_-1_36_2,B7,6,1,S12-0184,3,BHIrif,36,660,2.81954393554187,no
B7_6_1_S12-0180_3_BHI_-1_36_1,B7,6,1,S12-0180,3,BHI,36,5200,3.7160033436348,no
B7_6_1_S12-0180_3_BHIrif_-1_36_2,B7,6,1,S12-0180,3,BHIrif,36,0,1.69897000433602,no
B7_6_1_S12-0166_3_BHI_-1_36_1,B7,6,1,S12-0166,3,BHI,36,5600,3.7481880270062,no
B7_6_2_S12-0166_3_BHI_-1_24_1,B7,6,2,S12-0166,3,BHI,24,63737.625,4.80439587669951,no
B7_6_2_S12-0180_3_BHI_-3_24_1,B7,6,2,S12-0180,3,BHI,24,36673292,7.56434989641448,no
B7_6_2_S12-0166_3_BHI_-1_36_1,B7,6,2,S12-0166,3,BHI,36,54782.27734,4.73864008223772,no
B7_6_2_S12-0166_3_BHIrif_-1_36_1,B7,6,2,S12-0166,3,BHIrif,36,1630.0909425,3.21221183429609,no
B7_6_2_S12-0180_3_BHIrif_-1_36_1,B7,6,2,S12-0180,3,BHIrif,36,1833.852295,3.26336435311715,no
B7_6_2_S12-0180_3_BHI_-3_36_1,B7,6,2,S12-0180,3,BHI,36,34505240,7.53788505247273,no
B7_6_2_S12-0184_3_BHIrif_-1_36_1,B7,6,2,S12-0184,3,BHIrif,36,27915.30859,4.44584243312478,no
B7_6_3_S12-0166_3_BHI_-3_24_1,B7,6,3,S12-0166,3,BHI,24,6885068.5,6.83790826543884,no
B7_6_3_S12-0184_3_BHI_-1_24_1,B7,6,3,S12-0184,3,BHI,24,3349409,6.5249681829527,no
B7_6_3_S12-0180_3_BHI_-3_24_1,B7,6,3,S12-0180,3,BHI,24,15167633,7.18091781181868,no
B7_6_3_S12-0166_3_BHIrif_-1_36_1,B7,6,3,S12-0166,3,BHIrif,36,1080,3.03342375548695,no
B7_6_3_S12-0166_3_BHI_-3_36_1,B7,6,3,S12-0166,3,BHI,36,5375000,6.73037846858764,no
B7_6_3_S12-0184_3_BHIrif_-1_36_2,B7,6,3,S12-0184,3,BHIrif,36,200,2.30102999566398,no
B7_6_3_S12-0180_3_BHI_-3_36_1,B7,6,3,S12-0180,3,BHI,36,14734272,7.16832868282637,no
B7_6_3_S12-0180_3_BHIrif_-1_36_2,B7,6,3,S12-0180,3,BHIrif,36,0,1.69897000433602,no
B7_6_3_S12-0184_3_BHI_-1_36_1,B7,6,3,S12-0184,3,BHI,36,25400,4.40483371661994,no
B7_6_4_S12-0166_3_BHI_-3_24_1,B7,6,4,S12-0166,3,BHI,24,1192480,6.07645110388618,no
B7_6_4_S12-0184_3_BHI_-3_24_1,B7,6,4,S12-0184,3,BHI,24,15690398,7.19563395996753,no
B7_6_4_S12-0180_3_BHI_-3_24_1,B7,6,4,S12-0180,3,BHI,24,2314260,6.36441214900732,no
B7_6_4_S12-0166_3_BHIrif_-1_36_1,B7,6,4,S12-0166,3,BHIrif,36,209437.0938,5.32105360287274,no
B7_6_4_S12-0184_3_BHI_-3_36_1,B7,6,4,S12-0184,3,BHI,36,14121358,7.14987646325597,no
B7_6_4_S12-0184_3_BHIrif_-1_36_2,B7,6,4,S12-0184,3,BHIrif,36,0,1.74036268949424,no
B7_6_4_S12-0180_3_BHI_-3_36_1,B7,6,4,S12-0180,3,BHI,36,2353820,6.37177324865369,no
B7_6_4_S12-0180_3_BHIrif_-1_36_2,B7,6,4,S12-0180,3,BHIrif,36,0,1.69897000433602,no
B7_6_4_S12-0166_3_BHI_-3_36_1,B7,6,4,S12-0166,3,BHI,36,1151360,6.06121113732944,no
B7_6_6_S12-0166_3_BHI_-4_24_1,B7,6,6,S12-0166,3,BHI,24,50394432,7.70238255459514,no
B7_6_6_S12-0184_3_BHI_-4_24_1,B7,6,6,S12-0184,3,BHI,24,13929300,7.1439292920323,no
B7_6_6_S12-0180_3_BHI_-2_24_1,B7,6,6,S12-0180,3,BHI,24,113300,5.0542299098634,no
B7_6_6_S12-0166_3_BHIrif_-1_36_1,B7,6,6,S12-0166,3,BHIrif,36,23700,4.3747483460101,no
B7_6_6_S12-0180_3_BHIrif_-1_36_1,B7,6,6,S12-0180,3,BHIrif,36,0,1.69897000433602,no
B7_6_6_S12-0166_3_BHI_-4_36_1,B7,6,6,S12-0166,3,BHI,36,39009520,7.59117060648626,no
B7_6_6_S12-0184_3_BHI_-4_36_1,B7,6,6,S12-0184,3,BHI,36,13721400,7.13739842487334,no
B7_6_6_S12-0184_3_BHIrif_-1_36_2,B7,6,6,S12-0184,3,BHIrif,36,0,1.69897000433602,no
B7_6_6_S12-0180_3_BHI_-2_36_1,B7,6,6,S12-0180,3,BHI,36,105060,5.02143739646709,no
B7_6_9_S12-0166_3_BHI_-3_24_1,B7,6,9,S12-0166,3,BHI,24,16241391,7.21062322181121,no
B7_6_9_S12-0184_3_BHI_-5_24_1,B7,6,9,S12-0184,3,BHI,24,116284200,8.06552070940629,no
B7_6_9_S12-0180_3_BHI_-5_24_1,B7,6,9,S12-0180,3,BHI,24,161243152,8.20748127920334,no
B7_6_9_S12-0166_3_BHIrif_-3_36_1,B7,6,9,S12-0166,3,BHIrif,36,5794063.25,6.76298323180251,no
B7_6_9_S12-0166_3_BHI_-3_36_1,B7,6,9,S12-0166,3,BHI,36,15259768,7.18354793092648,no
B7_6_9_S12-0184_3_BHI_-5_36_1,B7,6,9,S12-0184,3,BHI,36,108264600,8.03448647566632,no
B7_6_9_S12-0184_3_BHIrif_-1_36_2,B7,6,9,S12-0184,3,BHIrif,36,44916.583985,4.65240671969812,no
B7_6_9_S12-0180_3_BHI_-5_36_1,B7,6,9,S12-0180,3,BHI,36,148839840,8.17271919449143,no
B7_6_9_S12-0180_3_BHIrif_-1_36_2,B7,6,9,S12-0180,3,BHIrif,36,0,1.69897000433602,no
B7_6_12_S12-0166_3_BHI_-5_24_1,B7,6,12,S12-0166,3,BHI,24,87554680,7.9422793650837,no
B7_6_12_S12-0184_3_BHI_-5_24_1,B7,6,12,S12-0184,3,BHI,24,152688640,8.18380672684792,no
B7_6_12_S12-0180_3_BHI_-5_24_1,B7,6,12,S12-0180,3,BHI,24,41037200,7.61317772086513,no
B7_6_12_S12-0166_3_BHIrif_-4_36_1,B7,6,12,S12-0166,3,BHIrif,36,45646818,7.65941050863468,no
B7_6_12_S12-0166_3_BHI_-5_36_1,B7,6,12,S12-0166,3,BHI,36,98232080,7.99225334004554,no
B7_6_12_S12-0180_3_BHIrif_-1_36_2,B7,6,12,S12-0180,3,BHIrif,36,0,1.69897000433602,no
B7_6_12_S12-0180_3_BHI_-5_36_1,B7,6,12,S12-0180,3,BHI,36,34881620,7.54259664657942,no
B7_6_12_S12-0184_3_BHIrif_-3_36_1,B7,6,12,S12-0184,3,BHIrif,36,1960800,6.29243329824402,no
B7_6_12_S12-0184_3_BHI_-5_36_1,B7,6,12,S12-0184,3,BHI,36,150625280,8.1778978672374,no
B7_6_15_S12-0166_3_BHI_-5_24_1,B7,6,15,S12-0166,3,BHI,24,599332032,8.77766748969229,no
B7_6_15_S12-0180_3_BHI_-5_24_1,B7,6,15,S12-0180,3,BHI,24,975551040,8.98924999624256,no
B7_6_15_S12-0184_3_BHI_-5_24_1,B7,6,15,S12-0184,3,BHI,24,307440640,8.48776127552921,no
B7_6_15_S12-0166_3_BHIrif_-2_36_1,B7,6,15,S12-0166,3,BHIrif,36,695896.875,5.84254488625317,no
B7_6_15_S12-0166_3_BHI_-5_36_1,B7,6,15,S12-0166,3,BHI,36,393656768,8.5951177225119,no
B7_6_15_S12-0180_3_BHIrif_-1_36_2,B7,6,15,S12-0180,3,BHIrif,36,2200,3.34242268082221,no
B7_6_15_S12-0180_3_BHI_-5_36_1,B7,6,15,S12-0180,3,BHI,36,536921664,8.7299109274608,no
B7_6_15_S12-0184_3_BHIrif_-1_36_1,B7,6,15,S12-0184,3,BHIrif,36,94548.132815,4.97565295659566,no
B7_6_15_S12-0184_3_BHI_-5_36_1,B7,6,15,S12-0184,3,BHI,36,183639040,8.26396501376185,no
B7_6_18_S12-0166_3_BHI_-6_24_1,B7,6,18,S12-0166,3,BHI,24,527214240,8.72198713199169,no
B7_6_18_S12-0180_3_BHI_-4_24_1,B7,6,18,S12-0180,3,BHI,24,46383480,7.66636332921141,no
B7_6_18_S12-0184_3_BHI_-6_24_1,B7,6,18,S12-0184,3,BHI,24,415482304,8.61855253127581,no
B7_6_18_S12-0166_3_BHIrif_-4_36_1,B7,6,18,S12-0166,3,BHIrif,36,263713272,8.42113198725009,no
B7_6_18_S12-0180_3_BHI_-4_36_1,B7,6,18,S12-0180,3,BHI,36,23086800,7.36336374068453,no
B7_6_18_S12-0180_3_BHIrif_-1_36_2,B7,6,18,S12-0180,3,BHIrif,36,0,1.69897000433602,no
B7_6_18_S12-0166_3_BHI_-6_36_1,B7,6,18,S12-0166,3,BHI,36,1083771392,9.03493768288184,no
B7_6_18_S12-0184_3_BHIrif_-1_36_1,B7,6,18,S12-0184,3,BHIrif,36,39780,4.59966477878842,no
B7_6_18_S12-0184_3_BHI_-6_36_1,B7,6,18,S12-0184,3,BHI,36,1227561472,9.08904324929353,no
B7_6_21_S12-0166_3_BHI_-6_24_1,B7,6,21,S12-0166,3,BHI,24,5915118080,9.77196341861409,no
B7_6_21_S12-0184_3_BHI_-6_24_1,B7,6,21,S12-0184,3,BHI,24,5714374656,9.75696871096785,no
B7_6_21_S12-0180_3_BHI_-6_24_1,B7,6,21,S12-0180,3,BHI,24,3451091200,9.53795643629334,no
B7_6_21_S12-0166_3_BHIrif_-4_36_1,B7,6,21,S12-0166,3,BHIrif,36,238271528,8.37707214989474,no
B7_6_21_S12-0166_3_BHI_-6_36_1,B7,6,21,S12-0166,3,BHI,36,8915048448,9.95012370765068,no
B7_6_21_S12-0184_3_BHIrif_-3_36_1,B7,6,21,S12-0184,3,BHIrif,36,3944240,6.59596333312122,no
B7_6_21_S12-0180_3_BHI_-6_36_1,B7,6,21,S12-0180,3,BHI,36,3027272960,9.4810515817353,no
B7_6_21_S12-0180_3_BHIrif_-1_36_2,B7,6,21,S12-0180,3,BHIrif,36,2600,3.41497334797082,no
B7_6_21_S12-0184_3_BHI_-6_36_1,B7,6,21,S12-0184,3,BHI,36,3525873152,9.5472666839198,no
B7_6_24_S12-0166_3_BHI_-6_24_1,B7,6,24,S12-0166,3,BHI,24,5912792064,9.7717926063718,no
B7_6_24_S12-0184_3_BHI_-6_24_1,B7,6,24,S12-0184,3,BHI,24,2326383360,9.3666812827974,no
B7_6_24_S12-0180_3_BHI_-6_24_1,B7,6,24,S12-0180,3,BHI,24,6546050048,9.81597932139471,no
B7_6_24_S12-0166_3_BHIrif_-4_36_1,B7,6,24,S12-0166,3,BHIrif,36,992675808,8.99680743803734,no
B7_6_24_S12-0184_3_BHIrif_-1_36_2,B7,6,24,S12-0184,3,BHIrif,36,0,1.74036268949424,yes
B7_6_24_S12-0180_3_BHI_-6_36_1,B7,6,24,S12-0180,3,BHI,36,5541458432,9.74362407982105,no
B7_6_24_S12-0180_3_BHIrif_-1_36_2,B7,6,24,S12-0180,3,BHIrif,36,10400,4.01703333929878,no
B7_6_24_S12-0166_3_BHI_-6_36_1,B7,6,24,S12-0166,3,BHI,36,3151140864,9.49846781767432,no
B7_6_24_S12-0184_3_BHI_-6_36_1,B7,6,24,S12-0184,3,BHI,36,1586170496,9.20034986740296,no
B7_6_27_S12-0166_3_BHI_-6_24_1,B7,6,27,S12-0166,3,BHI,24,5638264832,9.75114547103452,no
B7_6_27_S12-0184_3_BHI_-6_24_1,B7,6,27,S12-0184,3,BHI,24,8634988544,9.93626176572735,no
B7_6_27_S12-0180_3_BHI_-6_24_1,B7,6,27,S12-0180,3,BHI,24,6295378944,9.79902187714998,no
B7_6_27_S12-0166_3_BHIrif_-5_36_1,B7,6,27,S12-0166,3,BHIrif,36,566279056,8.75303049941245,no
B7_6_27_S12-0180_3_BHIrif_-3_36_1,B7,6,27,S12-0180,3,BHIrif,36,169540,5.22927217882129,no
B7_6_27_S12-0166_3_BHI_-6_36_1,B7,6,27,S12-0166,3,BHI,36,3452754432,9.53816569140483,no
B7_6_27_S12-0184_3_BHIrif_-1_36_2,B7,6,27,S12-0184,3,BHIrif,36,380046.57815,5.57983682660068,yes
B7_6_27_S12-0180_3_BHI_-6_36_1,B7,6,27,S12-0180,3,BHI,36,5013999616,9.70018429636151,no
B7_6_27_S12-0184_3_BHI_-6_36_1,B7,6,27,S12-0184,3,BHI,36,7371331072,9.86754591730662,no
B7_6_30_S12-0166_3_BHI_-6_24_1,B7,6,30,S12-0166,3,BHI,24,5814436352,9.76450762085628,no
B7_6_30_S12-0180_3_BHI_-6_24_1,B7,6,30,S12-0180,3,BHI,24,3665887744,9.56417916196068,no
B7_6_30_S12-0184_3_BHI_-6_24_1,B7,6,30,S12-0184,3,BHI,24,2410551296,9.38211637760816,yes
B7_6_30_S12-0166_3_BHIrif_-5_36_1,B7,6,30,S12-0166,3,BHIrif,36,233835064,8.36890963496917,yes
B7_6_30_S12-0166_3_BHI_-6_36_1,B7,6,30,S12-0166,3,BHI,36,4249613056,9.62834938762808,no
B7_6_30_S12-0180_3_BHIrif_-3_36_1,B7,6,30,S12-0180,3,BHIrif,36,2068040,6.31555893462078,no
B7_6_30_S12-0180_3_BHI_-6_36_1,B7,6,30,S12-0180,3,BHI,36,2898608640,9.46218958239122,no
B7_6_30_S12-0184_3_BHIrif_-1_36_1,B7,6,30,S12-0184,3,BHIrif,36,153978.38285,5.18745975416154,yes
B7_6_30_S12-0184_3_BHI_-5_36_1,B7,6,30,S12-0184,3,BHI,36,260425872,8.41568412701096,yes
B8_10_0_S12-0116_1_BHIrif_-1_24_1,B8,10,0,S12-0116,1,BHIrif,24,110,2.04139268515822,no
B8_10_0_S12-0132_1_BHIrif_-1_24_2,B8,10,0,S12-0132,1,BHIrif,24,0,1.69897000433602,no
B8_10_0_S12-0116_1_BHI_-1_24_1,B8,10,0,S12-0116,1,BHI,24,2200,3.34242268082221,no
B8_10_0_S12-0141_1_BHIrif_-1_24_1,B8,10,0,S12-0141,1,BHIrif,24,600,2.77815125038364,no
B8_10_0_S12-0132_1_BHI_-1_24_1,B8,10,0,S12-0132,1,BHI,24,3000,3.47712125471966,no
B8_10_0_S12-0141_1_BHI_-1_24_1,B8,10,0,S12-0141,1,BHI,24,5200,3.7160033436348,no
B8_10_1_S12-0116_1_BHIrif_-1_24_1,B8,10,1,S12-0116,1,BHIrif,24,110,2.04139268515822,no
B8_10_1_S12-0132_1_BHI_-1_24_1,B8,10,1,S12-0132,1,BHI,24,7040,3.84757265914211,no
B8_10_1_S12-0132_1_BHIrif_-1_24_2,B8,10,1,S12-0132,1,BHIrif,24,110,2.04139268515822,no
B8_10_1_S12-0116_1_BHI_-1_24_1,B8,10,1,S12-0116,1,BHI,24,16720,4.223236273103,no
B8_10_1_S12-0141_1_BHIrif_-1_24_2,B8,10,1,S12-0141,1,BHIrif,24,3190,3.50379068305718,no
B8_10_1_S12-0141_1_BHI_-1_24_1,B8,10,1,S12-0141,1,BHI,24,12980,4.11327469246435,no
B8_10_2_S12-0116_1_BHIrif_-1_24_1,B8,10,2,S12-0116,1,BHIrif,24,0,1.74036268949424,no
B8_10_2_S12-0141_1_BHI_-1_24_2,B8,10,2,S12-0141,1,BHI,24,276397.5,5.44153411055051,no
B8_10_2_S12-0141_1_BHIrif_-1_24_2,B8,10,2,S12-0141,1,BHIrif,24,17500,4.24303804868629,no
B8_10_2_S12-0132_1_BHI_-1_24_1,B8,10,2,S12-0132,1,BHI,24,25520,4.40688067004912,no
B8_10_2_S12-0132_1_BHIrif_-1_24_2,B8,10,2,S12-0132,1,BHIrif,24,0,1.74036268949424,no
B8_10_2_S12-0116_1_BHI_-1_24_1,B8,10,2,S12-0116,1,BHI,24,109135.5547,5.03796626016201,no
B8_10_3_S12-0116_1_BHIrif_-1_24_1,B8,10,3,S12-0116,1,BHIrif,24,100,2,no
B8_10_3_S12-0132_1_BHI_-3_24_1,B8,10,3,S12-0132,1,BHI,24,976236.375,5.98955498562686,no
B8_10_3_S12-0132_1_BHIrif_-1_24_2,B8,10,3,S12-0132,1,BHIrif,24,220,2.34242268082221,no
B8_10_3_S12-0116_1_BHI_-3_24_1,B8,10,3,S12-0116,1,BHI,24,2902520,6.46277522095487,no
B8_10_3_S12-0141_1_BHI_-3_24_1,B8,10,3,S12-0141,1,BHI,24,800280,5.90324196346628,no
B8_10_3_S12-0141_1_BHIrif_-1_24_3,B8,10,3,S12-0141,1,BHIrif,24,2210742.25,6.34453811122279,no
B8_10_4_S12-0116_1_BHIrif_-1_24_1,B8,10,4,S12-0116,1,BHIrif,24,700,2.84509804001426,no
B8_10_4_S12-0132_1_BHIrif_-1_24_1,B8,10,4,S12-0132,1,BHIrif,24,220,2.34242268082221,no
B8_10_4_S12-0116_1_BHI_-2_24_1,B8,10,4,S12-0116,1,BHI,24,48300,4.68394713075151,no
B8_10_4_S12-0141_1_BHI_-2_24_1,B8,10,4,S12-0141,1,BHI,24,1646357.625,6.21652417941453,no
B8_10_4_S12-0141_1_BHIrif_-1_24_2,B8,10,4,S12-0141,1,BHIrif,24,5940,3.77378644498119,no
B8_10_4_S12-0132_1_BHI_-2_24_1,B8,10,4,S12-0132,1,BHI,24,206460,5.31483592300457,no
B8_10_6_S12-0116_1_BHIrif_-3_24_1,B8,10,6,S12-0116,1,BHIrif,24,53570,4.72892164637286,no
B8_10_6_S12-0132_1_BHIrif_-1_24_2,B8,10,6,S12-0132,1,BHIrif,24,700,2.84509804001426,no
B8_10_6_S12-0116_1_BHI_-3_24_1,B8,10,6,S12-0116,1,BHI,24,2439360,6.38727589808994,no
B8_10_6_S12-0141_1_BHI_-5_24_1,B8,10,6,S12-0141,1,BHI,24,36445280,7.56164129115365,no
B8_10_6_S12-0141_1_BHIrif_-2_24_2,B8,10,6,S12-0141,1,BHIrif,24,2680584.25,6.42822946152779,no
B8_10_6_S12-0132_1_BHI_-3_24_1,B8,10,6,S12-0132,1,BHI,24,19579968,7.29181197769006,no
B8_10_9_S12-0116_1_BHIrif_-1_24_1,B8,10,9,S12-0116,1,BHIrif,24,206250.00785,5.31439397375147,no
B8_10_9_S12-0116_1_BHI_-5_24_1,B8,10,9,S12-0116,1,BHI,24,5.5e+07,7.74036268949424,no
B8_10_9_S12-0132_1_BHIrif_-3_24_2,B8,10,9,S12-0132,1,BHIrif,24,13699091,7.13669175060303,no
B8_10_9_S12-0132_1_BHI_-5_24_1,B8,10,9,S12-0132,1,BHI,24,146384032,8.16549370518885,no
B8_10_9_S12-0141_1_BHIrif_-3_24_1,B8,10,9,S12-0141,1,BHIrif,24,6393935.5,6.80576825093233,no
B8_10_9_S12-0141_1_BHI_-5_24_1,B8,10,9,S12-0141,1,BHI,24,72920160,7.86284761290451,no
B8_10_12_S12-0116_1_BHIrif_-4_24_1,B8,10,12,S12-0116,1,BHIrif,24,4791600,6.68048055624196,no
B8_10_12_S12-0116_1_BHI_-5_24_1,B8,10,12,S12-0116,1,BHI,24,37026340,7.56851078479149,no
B8_10_12_S12-0132_1_BHIrif_-4_24_1,B8,10,12,S12-0132,1,BHIrif,24,9572960,6.9810462442453,no
B8_10_12_S12-0132_1_BHI_-5_24_1,B8,10,12,S12-0132,1,BHI,24,150718752,8.17816728936496,no
B8_10_12_S12-0141_1_BHIrif_-2_24_1,B8,10,12,S12-0141,1,BHIrif,24,10325195.5,7.01389828345361,no
B8_10_12_S12-0141_1_BHI_-5_24_1,B8,10,12,S12-0141,1,BHI,24,450748608,8.65393439421008,no
B8_10_15_S12-0116_1_BHIrif_-4_24_1,B8,10,15,S12-0116,1,BHIrif,24,21033690,7.3229154688851,no
B8_10_15_S12-0141_1_BHI_-6_24_1,B8,10,15,S12-0141,1,BHI,24,397420544,8.59925031349152,no
B8_10_15_S12-0141_1_BHIrif_-4_24_2,B8,10,15,S12-0141,1,BHIrif,24,8065410,6.90662644937057,no
B8_10_15_S12-0132_1_BHI_-6_24_1,B8,10,15,S12-0132,1,BHI,24,1896394240,9.27792862754757,no
B8_10_15_S12-0132_1_BHIrif_-4_24_2,B8,10,15,S12-0132,1,BHIrif,24,17228870,7.23625679405523,no
B8_10_15_S12-0116_1_BHI_-6_24_1,B8,10,15,S12-0116,1,BHI,24,1665677440,9.22159090367875,no
B8_10_18_S12-0116_1_BHIrif_-4_24_1,B8,10,18,S12-0116,1,BHIrif,24,197301160,8.29512963862329,no
B8_10_18_S12-0132_1_BHI_-6_24_1,B8,10,18,S12-0132,1,BHI,24,2182409472,9.33893623788676,no
B8_10_18_S12-0132_1_BHIrif_-4_24_2,B8,10,18,S12-0132,1,BHIrif,24,293520640,8.46763864569585,no
B8_10_18_S12-0116_1_BHI_-6_24_1,B8,10,18,S12-0116,1,BHI,24,7125012480,9.85278562938095,no
B8_10_18_S12-0141_1_BHIrif_-4_24_2,B8,10,18,S12-0141,1,BHIrif,24,298876624,8.47549194894758,no
B8_10_18_S12-0141_1_BHI_-6_24_1,B8,10,18,S12-0141,1,BHI,24,1315478400,9.11908372141615,no
B8_10_21_S12-0116_1_BHIrif_-5_24_1,B8,10,21,S12-0116,1,BHIrif,24,14552440,7.16293581735581,yes
B8_10_21_S12-0132_1_BHIrif_-3_24_1,B8,10,21,S12-0132,1,BHIrif,24,40086954,7.60300305771599,yes
B8_10_21_S12-0116_1_BHI_-6_24_1,B8,10,21,S12-0116,1,BHI,24,4344930304,9.63798281442543,no
B8_10_21_S12-0141_1_BHIrif_-5_24_2,B8,10,21,S12-0141,1,BHIrif,24,281646864,8.44970491994177,no
B8_10_21_S12-0132_1_BHI_-6_24_1,B8,10,21,S12-0132,1,BHI,24,7141214208,9.85377206037586,no
B8_10_21_S12-0141_1_BHI_-6_24_1,B8,10,21,S12-0141,1,BHI,24,5516554240,9.74166789261652,no
B8_10_24_S12-0116_1_BHIrif_-5_24_1,B8,10,24,S12-0116,1,BHIrif,24,41715640,7.62029891090285,yes
B8_10_24_S12-0132_1_BHIrif_-5_24_1,B8,10,24,S12-0132,1,BHIrif,24,225486296,8.35312015263336,no
B8_10_24_S12-0116_1_BHI_-6_24_1,B8,10,24,S12-0116,1,BHI,24,6589415424,9.81884688813088,no
B8_10_24_S12-0132_1_BHI_-6_24_1,B8,10,24,S12-0132,1,BHI,24,2358929664,9.37271499175797,no
B8_10_24_S12-0141_1_BHIrif_-5_24_1,B8,10,24,S12-0141,1,BHIrif,24,108480880,8.03535319954653,no
B8_10_24_S12-0141_1_BHI_-6_24_1,B8,10,24,S12-0141,1,BHI,24,12277850112,10.0891223272094,no
B9_10_0_S12-0166_1_BHI_-3_24_1,B9,10,0,S12-0166,1,BHI,24,1990920,6.29905380937116,no
B9_10_0_S12-0184_1_BHI_-3_24_1,B9,10,0,S12-0184,1,BHI,24,410800,5.61363043492524,no
B9_10_0_S12-0180_1_BHI_-3_24_1,B9,10,0,S12-0180,1,BHI,24,1141160,6.05734654033894,no
B9_10_0_S12-0166_1_BHIrif_-1_36_1,B9,10,0,S12-0166,1,BHIrif,36,0,1.74036268949424,no
B9_10_0_S12-0166_1_BHI_-3_36_1,B9,10,0,S12-0166,1,BHI,36,1948560,6.28971378311702,no
B9_10_0_S12-0180_1_BHI_-3_36_1,B9,10,0,S12-0180,1,BHI,36,1383960,6.14112353807571,no
B9_10_0_S12-0180_1_BHIrif_-1_36_2,B9,10,0,S12-0180,1,BHIrif,36,120,2.07918124604762,no
B9_10_0_S12-0184_1_BHI_-3_36_1,B9,10,0,S12-0184,1,BHI,36,431340,5.63481973399518,no
B9_10_0_S12-0184_1_BHIrif_-1_36_2,B9,10,0,S12-0184,1,BHIrif,36,0,1.69897000433602,no
B9_10_1_S12-0166_1_BHI_-3_24_1,B9,10,1,S12-0166,1,BHI,24,1393920,6.14423784940364,no
B9_10_1_S12-0184_1_BHI_-1_24_1,B9,10,1,S12-0184,1,BHI,24,74535.89063,4.87236544522073,no
B9_10_1_S12-0180_1_BHI_-3_24_1,B9,10,1,S12-0180,1,BHI,24,1018000,6.00774777800074,no
B9_10_1_S12-0166_1_BHIrif_-1_36_1,B9,10,1,S12-0166,1,BHIrif,36,0,1.74036268949424,no
B9_10_1_S12-0184_1_BHIrif_-1_36_1,B9,10,1,S12-0184,1,BHIrif,36,0,1.74036268949424,no
B9_10_1_S12-0180_1_BHI_-3_36_1,B9,10,1,S12-0180,1,BHI,36,1197800,6.07838430874819,no
B9_10_1_S12-0180_1_BHIrif_-1_36_2,B9,10,1,S12-0180,1,BHIrif,36,0,1.74036268949424,no
B9_10_1_S12-0166_1_BHI_-3_36_1,B9,10,1,S12-0166,1,BHI,36,1392520,6.14380144142369,no
B9_10_1_S12-0184_1_BHI_-1_36_1,B9,10,1,S12-0184,1,BHI,36,56837.87109,4.75463780269701,no
B9_10_2_S12-0166_1_BHI_-3_24_1,B9,10,2,S12-0166,1,BHI,24,13433399,7.12818591439425,no
B9_10_2_S12-0184_1_BHI_-3_24_1,B9,10,2,S12-0184,1,BHI,24,81798832,7.91274710245401,no
B9_10_2_S12-0180_1_BHI_-3_24_1,B9,10,2,S12-0180,1,BHI,24,2911480,6.46411381112978,no
B9_10_2_S12-0166_1_BHIrif_-1_36_1,B9,10,2,S12-0166,1,BHIrif,36,2090,3.32014628611105,no
B9_10_2_S12-0180_1_BHIrif_-1_36_1,B9,10,2,S12-0180,1,BHIrif,36,0,1.69897000433602,no
B9_10_2_S12-0166_1_BHI_-3_36_1,B9,10,2,S12-0166,1,BHI,36,10113949,7.00492075935442,no
B9_10_2_S12-0184_1_BHIrif_-1_36_1,B9,10,2,S12-0184,1,BHIrif,36,0,1.74036268949424,no
B9_10_2_S12-0180_1_BHI_-3_36_1,B9,10,2,S12-0180,1,BHI,36,2565360,6.40914831878228,no
B9_10_2_S12-0184_1_BHI_-3_36_1,B9,10,2,S12-0184,1,BHI,36,54418476,7.73574637511264,no
B9_10_3_S12-0166_1_BHI_-4_24_1,B9,10,3,S12-0166,1,BHI,24,8569680,6.93296460525705,no
B9_10_3_S12-0184_1_BHI_-4_24_1,B9,10,3,S12-0184,1,BHI,24,3354000,6.52556305827007,no
B9_10_3_S12-0180_1_BHI_-4_24_1,B9,10,3,S12-0180,1,BHI,24,4127400,6.61567655983325,no
B9_10_3_S12-0166_1_BHIrif_-1_36_1,B9,10,3,S12-0166,1,BHIrif,36,26400,4.42160392686983,no
B9_10_3_S12-0166_1_BHI_-4_36_1,B9,10,3,S12-0166,1,BHI,36,8773720,6.94318377043874,no
B9_10_3_S12-0180_1_BHIrif_-1_36_1,B9,10,3,S12-0180,1,BHIrif,36,0,1.74036268949424,no
B9_10_3_S12-0180_1_BHI_-4_36_1,B9,10,3,S12-0180,1,BHI,36,4586000,6.66143405039392,no
B9_10_3_S12-0184_1_BHIrif_-1_36_1,B9,10,3,S12-0184,1,BHIrif,36,0,1.74036268949424,no
B9_10_3_S12-0184_1_BHI_-4_36_1,B9,10,3,S12-0184,1,BHI,36,3354000,6.52556305827007,no
B9_10_4_S12-0166_1_BHI_-5_24_1,B9,10,4,S12-0166,1,BHI,24,35707480,7.55275920161502,no
B9_10_4_S12-0184_1_BHI_-5_24_1,B9,10,4,S12-0184,1,BHI,24,36688320,7.5645278253718,no
B9_10_4_S12-0180_1_BHI_-5_24_1,B9,10,4,S12-0180,1,BHI,24,245669840,8.39035184298575,no
B9_10_4_S12-0166_1_BHIrif_-1_36_1,B9,10,4,S12-0166,1,BHIrif,36,10340,4.01452053875792,no
B9_10_4_S12-0166_1_BHI_-5_36_1,B9,10,4,S12-0166,1,BHI,36,42008800,7.62334027590072,no
B9_10_4_S12-0180_1_BHIrif_-1_36_2,B9,10,4,S12-0180,1,BHIrif,36,240,2.38021124171161,no
B9_10_4_S12-0180_1_BHI_-5_36_1,B9,10,4,S12-0180,1,BHI,36,241034560,8.38207931701976,no
B9_10_4_S12-0184_1_BHIrif_-1_36_1,B9,10,4,S12-0184,1,BHIrif,36,0,1.74036268949424,no
B9_10_4_S12-0184_1_BHI_-5_36_1,B9,10,4,S12-0184,1,BHI,36,41274360,7.61568034781918,no
B9_10_6_S12-0180_1_BHI_-5_24_1,B9,10,6,S12-0180,1,BHI,24,146832800,8.16682308056545,no
B9_10_6_S12-0184_1_BHI_-5_24_1,B9,10,6,S12-0184,1,BHI,24,299233280,8.47600989305805,no
B9_10_6_S12-0166_1_BHIrif_-3_36_1,B9,10,6,S12-0166,1,BHIrif,36,7277970.25,6.86201027599778,no
B9_10_6_S12-0184_1_BHIrif_-1_36_2,B9,10,6,S12-0184,1,BHIrif,36,0,1.77815125038364,no
B9_10_6_S12-0180_1_BHI_-5_36_1,B9,10,6,S12-0180,1,BHI,36,149364400,8.17424709864465,no
B9_10_6_S12-0180_1_BHIrif_-1_36_2,B9,10,6,S12-0180,1,BHIrif,36,0,1.81291335664286,no
B9_10_6_S12-0166_1_BHI_-5_36_1,B9,10,6,S12-0166,1,BHI,36,294032704,8.46839563781633,no
B9_10_6_S12-0184_1_BHI_-5_36_1,B9,10,6,S12-0184,1,BHI,36,261829120,8.41801794608037,no
B9_10_9_S12-0166_1_BHI_-6_24_1,B9,10,9,S12-0166,1,BHI,24,1236332032,9.09213512148127,no
B9_10_9_S12-0184_1_BHI_-6_24_1,B9,10,9,S12-0184,1,BHI,24,364158304,8.56129021773738,no
B9_10_9_S12-0180_1_BHI_-6_24_1,B9,10,9,S12-0180,1,BHI,24,7.04e+08,8.84757265914211,no
B9_10_9_S12-0166_1_BHIrif_-4_36_1,B9,10,9,S12-0166,1,BHIrif,36,59366584,7.77354205999846,no
B9_10_9_S12-0184_1_BHIrif_-1_36_1,B9,10,9,S12-0184,1,BHIrif,36,7080,3.85003325768977,no
B9_10_9_S12-0180_1_BHI_-6_36_1,B9,10,9,S12-0180,1,BHI,36,7.26e+08,8.86093662070009,no
B9_10_9_S12-0180_1_BHIrif_-1_36_2,B9,10,9,S12-0180,1,BHIrif,36,55646.658205,4.74543908840647,no
B9_10_9_S12-0166_1_BHI_-6_36_1,B9,10,9,S12-0166,1,BHI,36,1469602176,9.16719978634626,no
B9_10_9_S12-0184_1_BHI_-6_36_1,B9,10,9,S12-0184,1,BHI,36,364158304,8.56129021773738,no
B9_10_12_S12-0166_1_BHI_-6_24_1,B9,10,12,S12-0166,1,BHI,24,7546373120,9.8777382744869,no
B9_10_12_S12-0180_1_BHI_-6_24_1,B9,10,12,S12-0180,1,BHI,24,3577467392,9.55357568393035,no
B9_10_12_S12-0184_1_BHI_-6_24_1,B9,10,12,S12-0184,1,BHI,24,2061704320,9.31422638092805,no
B9_10_12_S12-0166_1_BHIrif_-4_36_1,B9,10,12,S12-0166,1,BHIrif,36,145417552,8.16261682933384,no
B9_10_12_S12-0180_1_BHIrif_-1_36_1,B9,10,12,S12-0180,1,BHIrif,36,42130,4.62459145912685,no
B9_10_12_S12-0166_1_BHI_-6_36_1,B9,10,12,S12-0166,1,BHI,36,6349591552,9.80274578947815,no
B9_10_12_S12-0184_1_BHIrif_-3_36_1,B9,10,12,S12-0184,1,BHIrif,36,792800,5.89916364147722,no
B9_10_12_S12-0180_1_BHI_-6_36_1,B9,10,12,S12-0180,1,BHI,36,2717063936,9.43409985804443,no
B9_10_12_S12-0184_1_BHI_-6_36_1,B9,10,12,S12-0184,1,BHI,36,2279769344,9.35789090941478,no
B9_10_15_S12-0166_1_BHI_-6_24_1,B9,10,15,S12-0166,1,BHI,24,4067362560,9.60931288663851,no
B9_10_15_S12-0180_1_BHI_-6_24_1,B9,10,15,S12-0180,1,BHI,24,1295383936,9.11239850708424,no
B9_10_15_S12-0184_1_BHI_-6_24_1,B9,10,15,S12-0184,1,BHI,24,10485134336,10.0205739990369,no
B9_10_15_S12-0166_1_BHIrif_-5_36_1,B9,10,15,S12-0166,1,BHIrif,36,90750536,7.95784919878975,no
B9_10_15_S12-0166_1_BHI_-6_36_1,B9,10,15,S12-0166,1,BHI,36,3651878912,9.5625163688836,no
B9_10_15_S12-0180_1_BHIrif_-3_36_1,B9,10,15,S12-0180,1,BHIrif,36,1328580,6.12338771043052,no
B9_10_15_S12-0184_1_BHIrif_-3_36_1,B9,10,15,S12-0184,1,BHIrif,36,786000,5.89542254603941,no
B9_10_15_S12-0180_1_BHI_-6_36_1,B9,10,15,S12-0180,1,BHI,36,1229516928,9.08973451248619,no
B9_10_15_S12-0184_1_BHI_-6_36_1,B9,10,15,S12-0184,1,BHI,36,11707328512,10.0684578049903,no
B9_10_18_S12-0166_1_BHI_-6_24_1,B9,10,18,S12-0166,1,BHI,24,5089567744,9.70668089935697,no
B9_10_18_S12-0180_1_BHI_-6_24_1,B9,10,18,S12-0180,1,BHI,24,7447703040,9.87202235182661,no
B9_10_18_S12-0184_1_BHI_-6_24_1,B9,10,18,S12-0184,1,BHI,24,6618371584,9.82075114667855,no
B9_10_18_S12-0166_1_BHIrif_-5_36_1,B9,10,18,S12-0166,1,BHIrif,36,161253120,8.20750812631924,no
B9_10_18_S12-0180_1_BHIrif_-1_36_2,B9,10,18,S12-0180,1,BHIrif,36,12480,4.0962145853464,yes
B9_10_18_S12-0166_1_BHI_-6_36_1,B9,10,18,S12-0166,1,BHI,36,5240742912,9.71939285563118,no
B9_10_18_S12-0184_1_BHIrif_-3_36_2,B9,10,18,S12-0184,1,BHIrif,36,38028804,7.58011266713212,no
B9_10_18_S12-0180_1_BHI_-6_36_1,B9,10,18,S12-0180,1,BHI,36,10234558464,10.0100691112111,no
B9_10_18_S12-0184_1_BHI_-6_36_1,B9,10,18,S12-0184,1,BHI,36,6075881984,9.78360932967473,no
B9_10_21_S12-0166_1_BHI_-6_24_1,B9,10,21,S12-0166,1,BHI,24,2803478784,9.447697273819,no
B9_10_21_S12-0180_1_BHI_-6_24_1,B9,10,21,S12-0180,1,BHI,24,3286900480,9.51678655481447,no
B9_10_21_S12-0184_1_BHI_-6_24_1,B9,10,21,S12-0184,1,BHI,24,1682914176,9.22606196871498,yes
B9_10_21_S12-0166_1_BHIrif_-5_36_1,B9,10,21,S12-0166,1,BHIrif,36,71165160,7.85226743011287,no
B9_10_21_S12-0180_1_BHI_-6_36_1,B9,10,21,S12-0180,1,BHI,36,3311800832,9.52006421091349,no
B9_10_21_S12-0180_1_BHIrif_-1_36_2,B9,10,21,S12-0180,1,BHIrif,36,49920,4.69827457667437,yes
B9_10_21_S12-0166_1_BHI_-6_36_1,B9,10,21,S12-0166,1,BHI,36,3709217792,9.56928233429568,no
B9_10_21_S12-0184_1_BHI_-6_36_1,B9,10,21,S12-0184,1,BHI,36,1937901056,9.28733159937616,yes
B9_10_21_S12-0184_1_BHIrif_-1_36_2,B9,10,21,S12-0184,1,BHIrif,36,510714.26565,5.70817798906084,yes
B9_10_24_S12-0166_1_BHI_-6_24_1,B9,10,24,S12-0166,1,BHI,24,2751114752,9.4395087056645,no
B9_10_24_S12-0180_1_BHI_-6_24_1,B9,10,24,S12-0180,1,BHI,24,2595175680,9.41416676267468,no
B9_10_24_S12-0184_1_BHI_-6_24_1,B9,10,24,S12-0184,1,BHI,24,339881088,8.53132699981182,yes
B9_10_24_S12-0180_1_BHIrif_-1_36_2,B9,10,24,S12-0180,1,BHIrif,36,11700,4.06818586174616,yes
B9_10_24_S12-0166_1_BHI_-6_36_1,B9,10,24,S12-0166,1,BHI,36,4139064832,9.61690222900026,no
B9_10_24_S12-0166_1_BHIrif_-5_36_1,B9,10,24,S12-0166,1,BHIrif,36,30981000,7.49109543174058,yes
B9_10_24_S12-0184_1_BHI_-6_36_1,B9,10,24,S12-0184,1,BHI,36,582653248,8.76541017177095,yes
B9_10_24_S12-0184_1_BHIrif_-3_36_2,B9,10,24,S12-0184,1,BHIrif,36,169960,5.23034672241748,yes
B9_10_24_S12-0180_1_BHI_-6_36_1,B9,10,24,S12-0180,1,BHI,36,3300660224,9.51860081956302,no
B9_10_27_S12-0166_1_BHI_-6_24_1,B9,10,27,S12-0166,1,BHI,24,226226160,8.35454282378457,yes
B9_10_27_S12-0180_1_BHI_-6_24_1,B9,10,27,S12-0180,1,BHI,24,169940544,8.23029700414783,yes
B9_10_27_S12-0184_1_BHI_-4_24_1,B9,10,27,S12-0184,1,BHI,24,61729952,7.79049593926837,yes
B9_10_27_S12-0166_1_BHIrif_-2_36_1,B9,10,27,S12-0166,1,BHIrif,36,0,2.79934054945358,yes
B9_10_27_S12-0184_1_BHIrif_-1_36_2,B9,10,27,S12-0184,1,BHIrif,36,0,1.77815125038364,yes
B9_10_27_S12-0180_1_BHI_-6_36_1,B9,10,27,S12-0180,1,BHI,36,679762176,8.8323569954758,yes
B9_10_27_S12-0180_1_BHIrif_-1_36_2,B9,10,27,S12-0180,1,BHIrif,36,0,1.77815125038364,yes
B9_10_27_S12-0166_1_BHI_-6_36_1,B9,10,27,S12-0166,1,BHI,36,527861024,8.72251959591526,yes
B9_10_27_S12-0184_1_BHI_-4_36_1,B9,10,27,S12-0184,1,BHI,36,99817680,7.99920747161198,yes
B9_10_30_S12-0166_1_BHI_-4_24_1,B9,10,30,S12-0166,1,BHI,24,326886336,8.51439676724961,yes
B9_10_30_S12-0184_1_BHI_-4_24_1,B9,10,30,S12-0184,1,BHI,24,10145040,7.00625376371486,yes
B9_10_30_S12-0180_1_BHI_-4_24_1,B9,10,30,S12-0180,1,BHI,24,50315840,7.70170472743467,yes
B9_10_30_S12-0166_1_BHIrif_-3_36_1,B9,10,30,S12-0166,1,BHIrif,36,33960,4.53096768157191,yes
B9_10_30_S12-0166_1_BHI_-4_36_1,B9,10,30,S12-0166,1,BHI,36,557112704,8.74594306191339,yes
B9_10_30_S12-0180_1_BHIrif_-1_36_1,B9,10,30,S12-0180,1,BHIrif,36,0,1.81291335664286,yes
B9_10_30_S12-0184_1_BHIrif_-1_36_1,B9,10,30,S12-0184,1,BHIrif,36,0,1.77815125038364,yes
B9_10_30_S12-0180_1_BHI_-4_36_1,B9,10,30,S12-0180,1,BHI,36,479252160,8.68056407892927,yes
B9_10_30_S12-0184_1_BHI_-4_36_1,B9,10,30,S12-0184,1,BHI,36,16825920,7.22597881970136,yes
